[2026-08-31 10:38:29] local.ERROR: could not find driver (Connection: mysql, Host: 127.0.0.1, Port: 3306, Database: ecd_app_full, SQL: select exists (select 1 from information_schema.tables where table_schema = schema() and table_name = 'migrations' and table_type in ('BASE TABLE', 'SYSTEM VERSIONED')) as `exists`) {"exception":"[object] (Illuminate\\Database\\QueryException(code: 0): could not find driver (Connection: mysql, Host: 127.0.0.1, Port: 3306, Database: ecd_app_full, SQL: select exists (select 1 from information_schema.tables where table_schema = schema() and table_name = 'migrations' and table_type in ('BASE TABLE', 'SYSTEM VERSIONED')) as `exists`) at C:/Users/Hp/Downloads/ecd-app-full/ecd-app-full/vendor/laravel/framework/src/Illuminate/Database/Connection.php:857)
[stacktrace]
#0 C:/Users/Hp/Downloads/ecd-app-full/ecd-app-full/vendor/laravel/framework/src/Illuminate/Database/Connection.php(813): Illuminate/Database/Connection->runQueryCallback('select exists (...', Array, Object(Closure))
#1 C:/Users/Hp/Downloads/ecd-app-full/ecd-app-full/vendor/laravel/framework/src/Illuminate/Database/Connection.php(426): Illuminate/Database/Connection->run('select exists (...', Array, Object(Closure))
#2 C:/Users/Hp/Downloads/ecd-app-full/ecd-app-full/vendor/laravel/framework/src/Illuminate/Database/Connection.php(371): Illuminate/Database/Connection->select('select exists (...', Array, true)
#3 C:/Users/Hp/Downloads/ecd-app-full/ecd-app-full/vendor/laravel/framework/src/Illuminate/Database/Connection.php(388): Illuminate/Database/Connection->selectOne('select exists (...', Array, true)
#4 C:/Users/Hp/Downloads/ecd-app-full/ecd-app-full/vendor/laravel/framework/src/Illuminate/Database/Schema/Builder.php(176): Illuminate/Database/Connection->scalar('select exists (...')
#5 C:/Users/Hp/Downloads/ecd-app-full/ecd-app-full/vendor/laravel/framework/src/Illuminate/Database/Migrations/DatabaseMigrationRepository.php(185): Illuminate/Database/Schema/Builder->hasTable('migrations')
#6 C:/Users/Hp/Downloads/ecd-app-full/ecd-app-full/vendor/laravel/framework/src/Illuminate/Database/Migrations/Migrator.php(797): Illuminate/Database/Migrations/DatabaseMigrationRepository->repositoryExists()
#7 C:/Users/Hp/Downloads/ecd-app-full/ecd-app-full/vendor/laravel/framework/src/Illuminate/Database/Console/Migrations/MigrateCommand.php(166): Illuminate/Database/Migrations/Migrator->repositoryExists()
#8 C:/Users/Hp/Downloads/ecd-app-full/ecd-app-full/vendor/laravel/framework/src/Illuminate/Support/helpers.php(328): Illuminate/Database/Console/Migrations/MigrateCommand->{closure:Illuminate/Database/Console/Migrations/MigrateCommand::repositoryExists():166}(1)
#9 C:/Users/Hp/Downloads/ecd-app-full/ecd-app-full/vendor/laravel/framework/src/Illuminate/Database/Console/Migrations/MigrateCommand.php(166): retry(1, Object(Closure), 0, Object(Closure))
#10 C:/Users/Hp/Downloads/ecd-app-full/ecd-app-full/vendor/laravel/framework/src/Illuminate/Database/Console/Migrations/MigrateCommand.php(142): Illuminate/Database/Console/Migrations/MigrateCommand->repositoryExists()
#11 C:/Users/Hp/Downloads/ecd-app-full/ecd-app-full/vendor/laravel/framework/src/Illuminate/Database/Console/Migrations/MigrateCommand.php(112): Illuminate/Database/Console/Migrations/MigrateCommand->prepareDatabase()
#12 C:/Users/Hp/Downloads/ecd-app-full/ecd-app-full/vendor/laravel/framework/src/Illuminate/Database/Migrations/Migrator.php(672): Illuminate/Database/Console/Migrations/MigrateCommand->{closure:Illuminate/Database/Console/Migrations/MigrateCommand::runMigrations():111}()
#13 C:/Users/Hp/Downloads/ecd-app-full/ecd-app-full/vendor/laravel/framework/src/Illuminate/Database/Console/Migrations/MigrateCommand.php(111): Illuminate/Database/Migrations/Migrator->usingConnection(NULL, Object(Closure))
#14 C:/Users/Hp/Downloads/ecd-app-full/ecd-app-full/vendor/laravel/framework/src/Illuminate/Database/Console/Migrations/MigrateCommand.php(90): Illuminate/Database/Console/Migrations/MigrateCommand->runMigrations()
#15 C:/Users/Hp/Downloads/ecd-app-full/ecd-app-full/vendor/laravel/framework/src/Illuminate/Container/BoundMethod.php(36): Illuminate/Database/Console/Migrations/MigrateCommand->handle()
#16 C:/Users/Hp/Downloads/ecd-app-full/ecd-app-full/vendor/laravel/framework/src/Illuminate/Container/Util.php(43): Illuminate/Container/BoundMethod::{closure:Illuminate/Container/BoundMethod::call():35}()
#17 C:/Users/Hp/Downloads/ecd-app-full/ecd-app-full/vendor/laravel/framework/src/Illuminate/Container/BoundMethod.php(96): Illuminate/Container/Util::unwrapIfClosure(Object(Closure))
#18 C:/Users/Hp/Downloads/ecd-app-full/ecd-app-full/vendor/laravel/framework/src/Illuminate/Container/BoundMethod.php(35): Illuminate/Container/BoundMethod::callBoundMethod(Object(Illuminate/Foundation/Application), Array, Object(Closure))
#19 C:/Users/Hp/Downloads/ecd-app-full/ecd-app-full/vendor/laravel/framework/src/Illuminate/Container/Container.php(803): Illuminate/Container/BoundMethod::call(Object(Illuminate/Foundation/Application), Array, Array, NULL)
#20 C:/Users/Hp/Downloads/ecd-app-full/ecd-app-full/vendor/laravel/framework/src/Illuminate/Console/Command.php(292): Illuminate/Container/Container->call(Array)
#21 C:/Users/Hp/Downloads/ecd-app-full/ecd-app-full/vendor/symfony/console/Command/Command.php(285): Illuminate/Console/Command->execute(Object(Symfony/Component/Console/Input/ArgvInput), Object(Illuminate/Console/OutputStyle))
#22 C:/Users/Hp/Downloads/ecd-app-full/ecd-app-full/vendor/laravel/framework/src/Illuminate/Console/Command.php(261): Symfony/Component/Console/Command/Command->run(Object(Symfony/Component/Console/Input/ArgvInput), Object(Illuminate/Console/OutputStyle))
#23 C:/Users/Hp/Downloads/ecd-app-full/ecd-app-full/vendor/symfony/console/Application.php(1144): Illuminate/Console/Command->run(Object(Symfony/Component/Console/Input/ArgvInput), Object(Symfony/Component/Console/Output/ConsoleOutput))
#24 C:/Users/Hp/Downloads/ecd-app-full/ecd-app-full/vendor/symfony/console/Application.php(379): Symfony/Component/Console/Application->doRunCommand(Object(Illuminate/Database/Console/Migrations/MigrateCommand), Object(Symfony/Component/Console/Input/ArgvInput), Object(Symfony/Component/Console/Output/ConsoleOutput))
#25 C:/Users/Hp/Downloads/ecd-app-full/ecd-app-full/vendor/symfony/console/Application.php(218): Symfony/Component/Console/Application->doRun(Object(Symfony/Component/Console/Input/ArgvInput), Object(Symfony/Component/Console/Output/ConsoleOutput))
#26 C:/Users/Hp/Downloads/ecd-app-full/ecd-app-full/vendor/laravel/framework/src/Illuminate/Foundation/Console/Kernel.php(198): Symfony/Component/Console/Application->run(Object(Symfony/Component/Console/Input/ArgvInput), Object(Symfony/Component/Console/Output/ConsoleOutput))
#27 C:/Users/Hp/Downloads/ecd-app-full/ecd-app-full/vendor/laravel/framework/src/Illuminate/Foundation/Application.php(1242): Illuminate/Foundation/Console/Kernel->handle(Object(Symfony/Component/Console/Input/ArgvInput), Object(Symfony/Component/Console/Output/ConsoleOutput))
#28 C:/Users/Hp/Downloads/ecd-app-full/ecd-app-full/artisan(16): Illuminate/Foundation/Application->handleCommand(Object(Symfony/Component/Console/Input/ArgvInput))
#29 {main}

[previous exception] [object] (PDOException(code: 0): could not find driver at C:/Users/Hp/Downloads/ecd-app-full/ecd-app-full/vendor/laravel/framework/src/Illuminate/Database/Connectors/Connector.php:67)
[stacktrace]
#0 C:/Users/Hp/Downloads/ecd-app-full/ecd-app-full/vendor/laravel/framework/src/Illuminate/Database/Connectors/Connector.php(67): PDO::connect('mysql:host=127....', 'root', Object(SensitiveParameterValue), Array)
#1 C:/Users/Hp/Downloads/ecd-app-full/ecd-app-full/vendor/laravel/framework/src/Illuminate/Database/Connectors/Connector.php(44): Illuminate/Database/Connectors/Connector->createPdoConnection('mysql:host=127....', 'root', Object(SensitiveParameterValue), Array)
#2 C:/Users/Hp/Downloads/ecd-app-full/ecd-app-full/vendor/laravel/framework/src/Illuminate/Database/Connectors/MySqlConnector.php(24): Illuminate/Database/Connectors/Connector->createConnection('mysql:host=127....', Array, Array)
#3 C:/Users/Hp/Downloads/ecd-app-full/ecd-app-full/vendor/laravel/framework/src/Illuminate/Database/Connectors/ConnectionFactory.php(220): Illuminate/Database/Connectors/MySqlConnector->connect(Array)
#4 [internal function]: Illuminate/Database/Connectors/ConnectionFactory->{closure:Illuminate/Database/Connectors/ConnectionFactory::createPdoResolverWithHosts():213}()
#5 C:/Users/Hp/Downloads/ecd-app-full/ecd-app-full/vendor/laravel/framework/src/Illuminate/Database/Connection.php(1298): call_user_func(Object(Closure))
#6 C:/Users/Hp/Downloads/ecd-app-full/ecd-app-full/vendor/laravel/framework/src/Illuminate/Database/Connection.php(1336): Illuminate/Database/Connection->getPdo()
#7 C:/Users/Hp/Downloads/ecd-app-full/ecd-app-full/vendor/laravel/framework/src/Illuminate/Database/Connection.php(542): Illuminate/Database/Connection->getReadPdo()
#8 C:/Users/Hp/Downloads/ecd-app-full/ecd-app-full/vendor/laravel/framework/src/Illuminate/Database/Connection.php(435): Illuminate/Database/Connection->getPdoForSelect(true)
#9 C:/Users/Hp/Downloads/ecd-app-full/ecd-app-full/vendor/laravel/framework/src/Illuminate/Database/Connection.php(846): Illuminate/Database/Connection->{closure:Illuminate/Database/Connection::select():426}('select exists (...', Array)
#10 C:/Users/Hp/Downloads/ecd-app-full/ecd-app-full/vendor/laravel/framework/src/Illuminate/Database/Connection.php(813): Illuminate/Database/Connection->runQueryCallback('select exists (...', Array, Object(Closure))
#11 C:/Users/Hp/Downloads/ecd-app-full/ecd-app-full/vendor/laravel/framework/src/Illuminate/Database/Connection.php(426): Illuminate/Database/Connection->run('select exists (...', Array, Object(Closure))
#12 C:/Users/Hp/Downloads/ecd-app-full/ecd-app-full/vendor/laravel/framework/src/Illuminate/Database/Connection.php(371): Illuminate/Database/Connection->select('select exists (...', Array, true)
#13 C:/Users/Hp/Downloads/ecd-app-full/ecd-app-full/vendor/laravel/framework/src/Illuminate/Database/Connection.php(388): Illuminate/Database/Connection->selectOne('select exists (...', Array, true)
#14 C:/Users/Hp/Downloads/ecd-app-full/ecd-app-full/vendor/laravel/framework/src/Illuminate/Database/Schema/Builder.php(176): Illuminate/Database/Connection->scalar('select exists (...')
#15 C:/Users/Hp/Downloads/ecd-app-full/ecd-app-full/vendor/laravel/framework/src/Illuminate/Database/Migrations/DatabaseMigrationRepository.php(185): Illuminate/Database/Schema/Builder->hasTable('migrations')
#16 C:/Users/Hp/Downloads/ecd-app-full/ecd-app-full/vendor/laravel/framework/src/Illuminate/Database/Migrations/Migrator.php(797): Illuminate/Database/Migrations/DatabaseMigrationRepository->repositoryExists()
#17 C:/Users/Hp/Downloads/ecd-app-full/ecd-app-full/vendor/laravel/framework/src/Illuminate/Database/Console/Migrations/MigrateCommand.php(166): Illuminate/Database/Migrations/Migrator->repositoryExists()
#18 C:/Users/Hp/Downloads/ecd-app-full/ecd-app-full/vendor/laravel/framework/src/Illuminate/Support/helpers.php(328): Illuminate/Database/Console/Migrations/MigrateCommand->{closure:Illuminate/Database/Console/Migrations/MigrateCommand::repositoryExists():166}(1)
#19 C:/Users/Hp/Downloads/ecd-app-full/ecd-app-full/vendor/laravel/framework/src/Illuminate/Database/Console/Migrations/MigrateCommand.php(166): retry(1, Object(Closure), 0, Object(Closure))
#20 C:/Users/Hp/Downloads/ecd-app-full/ecd-app-full/vendor/laravel/framework/src/Illuminate/Database/Console/Migrations/MigrateCommand.php(142): Illuminate/Database/Console/Migrations/MigrateCommand->repositoryExists()
#21 C:/Users/Hp/Downloads/ecd-app-full/ecd-app-full/vendor/laravel/framework/src/Illuminate/Database/Console/Migrations/MigrateCommand.php(112): Illuminate/Database/Console/Migrations/MigrateCommand->prepareDatabase()
#22 C:/Users/Hp/Downloads/ecd-app-full/ecd-app-full/vendor/laravel/framework/src/Illuminate/Database/Migrations/Migrator.php(672): Illuminate/Database/Console/Migrations/MigrateCommand->{closure:Illuminate/Database/Console/Migrations/MigrateCommand::runMigrations():111}()
#23 C:/Users/Hp/Downloads/ecd-app-full/ecd-app-full/vendor/laravel/framework/src/Illuminate/Database/Console/Migrations/MigrateCommand.php(111): Illuminate/Database/Migrations/Migrator->usingConnection(NULL, Object(Closure))
#24 C:/Users/Hp/Downloads/ecd-app-full/ecd-app-full/vendor/laravel/framework/src/Illuminate/Database/Console/Migrations/MigrateCommand.php(90): Illuminate/Database/Console/Migrations/MigrateCommand->runMigrations()
#25 C:/Users/Hp/Downloads/ecd-app-full/ecd-app-full/vendor/laravel/framework/src/Illuminate/Container/BoundMethod.php(36): Illuminate/Database/Console/Migrations/MigrateCommand->handle()
#26 C:/Users/Hp/Downloads/ecd-app-full/ecd-app-full/vendor/laravel/framework/src/Illuminate/Container/Util.php(43): Illuminate/Container/BoundMethod::{closure:Illuminate/Container/BoundMethod::call():35}()
#27 C:/Users/Hp/Downloads/ecd-app-full/ecd-app-full/vendor/laravel/framework/src/Illuminate/Container/BoundMethod.php(96): Illuminate/Container/Util::unwrapIfClosure(Object(Closure))
#28 C:/Users/Hp/Downloads/ecd-app-full/ecd-app-full/vendor/laravel/framework/src/Illuminate/Container/BoundMethod.php(35): Illuminate/Container/BoundMethod::callBoundMethod(Object(Illuminate/Foundation/Application), Array, Object(Closure))
#29 C:/Users/Hp/Downloads/ecd-app-full/ecd-app-full/vendor/laravel/framework/src/Illuminate/Container/Container.php(803): Illuminate/Container/BoundMethod::call(Object(Illuminate/Foundation/Application), Array, Array, NULL)
#30 C:/Users/Hp/Downloads/ecd-app-full/ecd-app-full/vendor/laravel/framework/src/Illuminate/Console/Command.php(292): Illuminate/Container/Container->call(Array)
#31 C:/Users/Hp/Downloads/ecd-app-full/ecd-app-full/vendor/symfony/console/Command/Command.php(285): Illuminate/Console/Command->execute(Object(Symfony/Component/Console/Input/ArgvInput), Object(Illuminate/Console/OutputStyle))
#32 C:/Users/Hp/Downloads/ecd-app-full/ecd-app-full/vendor/laravel/framework/src/Illuminate/Console/Command.php(261): Symfony/Component/Console/Command/Command->run(Object(Symfony/Component/Console/Input/ArgvInput), Object(Illuminate/Console/OutputStyle))
#33 C:/Users/Hp/Downloads/ecd-app-full/ecd-app-full/vendor/symfony/console/Application.php(1144): Illuminate/Console/Command->run(Object(Symfony/Component/Console/Input/ArgvInput), Object(Symfony/Component/Console/Output/ConsoleOutput))
#34 C:/Users/Hp/Downloads/ecd-app-full/ecd-app-full/vendor/symfony/console/Application.php(379): Symfony/Component/Console/Application->doRunCommand(Object(Illuminate/Database/Console/Migrations/MigrateCommand), Object(Symfony/Component/Console/Input/ArgvInput), Object(Symfony/Component/Console/Output/ConsoleOutput))
#35 C:/Users/Hp/Downloads/ecd-app-full/ecd-app-full/vendor/symfony/console/Application.php(218): Symfony/Component/Console/Application->doRun(Object(Symfony/Component/Console/Input/ArgvInput), Object(Symfony/Component/Console/Output/ConsoleOutput))
#36 C:/Users/Hp/Downloads/ecd-app-full/ecd-app-full/vendor/laravel/framework/src/Illuminate/Foundation/Console/Kernel.php(198): Symfony/Component/Console/Application->run(Object(Symfony/Component/Console/Input/ArgvInput), Object(Symfony/Component/Console/Output/ConsoleOutput))
#37 C:/Users/Hp/Downloads/ecd-app-full/ecd-app-full/vendor/laravel/framework/src/Illuminate/Foundation/Application.php(1242): Illuminate/Foundation/Console/Kernel->handle(Object(Symfony/Component/Console/Input/ArgvInput), Object(Symfony/Component/Console/Output/ConsoleOutput))
#38 C:/Users/Hp/Downloads/ecd-app-full/ecd-app-full/artisan(16): Illuminate/Foundation/Application->handleCommand(Object(Symfony/Component/Console/Input/ArgvInput))
#39 {main}
"} 
[2026-08-31 10:39:34] local.ERROR: could not find driver (Connection: mysql, Host: 127.0.0.1, Port: 3306, Database: ecd_app_full, SQL: select exists (select 1 from information_schema.tables where table_schema = schema() and table_name = 'migrations' and table_type in ('BASE TABLE', 'SYSTEM VERSIONED')) as `exists`) {"exception":"[object] (Illuminate\\Database\\QueryException(code: 0): could not find driver (Connection: mysql, Host: 127.0.0.1, Port: 3306, Database: ecd_app_full, SQL: select exists (select 1 from information_schema.tables where table_schema = schema() and table_name = 'migrations' and table_type in ('BASE TABLE', 'SYSTEM VERSIONED')) as `exists`) at C:/Users/Hp/Downloads/ecd-app-full/ecd-app-full/vendor/laravel/framework/src/Illuminate/Database/Connection.php:857)
[stacktrace]
#0 C:/Users/Hp/Downloads/ecd-app-full/ecd-app-full/vendor/laravel/framework/src/Illuminate/Database/Connection.php(813): Illuminate/Database/Connection->runQueryCallback('select exists (...', Array, Object(Closure))
#1 C:/Users/Hp/Downloads/ecd-app-full/ecd-app-full/vendor/laravel/framework/src/Illuminate/Database/Connection.php(426): Illuminate/Database/Connection->run('select exists (...', Array, Object(Closure))
#2 C:/Users/Hp/Downloads/ecd-app-full/ecd-app-full/vendor/laravel/framework/src/Illuminate/Database/Connection.php(371): Illuminate/Database/Connection->select('select exists (...', Array, true)
#3 C:/Users/Hp/Downloads/ecd-app-full/ecd-app-full/vendor/laravel/framework/src/Illuminate/Database/Connection.php(388): Illuminate/Database/Connection->selectOne('select exists (...', Array, true)
#4 C:/Users/Hp/Downloads/ecd-app-full/ecd-app-full/vendor/laravel/framework/src/Illuminate/Database/Schema/Builder.php(176): Illuminate/Database/Connection->scalar('select exists (...')
#5 C:/Users/Hp/Downloads/ecd-app-full/ecd-app-full/vendor/laravel/framework/src/Illuminate/Database/Migrations/DatabaseMigrationRepository.php(185): Illuminate/Database/Schema/Builder->hasTable('migrations')
#6 C:/Users/Hp/Downloads/ecd-app-full/ecd-app-full/vendor/laravel/framework/src/Illuminate/Database/Migrations/Migrator.php(797): Illuminate/Database/Migrations/DatabaseMigrationRepository->repositoryExists()
#7 C:/Users/Hp/Downloads/ecd-app-full/ecd-app-full/vendor/laravel/framework/src/Illuminate/Database/Console/Migrations/MigrateCommand.php(166): Illuminate/Database/Migrations/Migrator->repositoryExists()
#8 C:/Users/Hp/Downloads/ecd-app-full/ecd-app-full/vendor/laravel/framework/src/Illuminate/Support/helpers.php(328): Illuminate/Database/Console/Migrations/MigrateCommand->{closure:Illuminate/Database/Console/Migrations/MigrateCommand::repositoryExists():166}(1)
#9 C:/Users/Hp/Downloads/ecd-app-full/ecd-app-full/vendor/laravel/framework/src/Illuminate/Database/Console/Migrations/MigrateCommand.php(166): retry(1, Object(Closure), 0, Object(Closure))
#10 C:/Users/Hp/Downloads/ecd-app-full/ecd-app-full/vendor/laravel/framework/src/Illuminate/Database/Console/Migrations/MigrateCommand.php(142): Illuminate/Database/Console/Migrations/MigrateCommand->repositoryExists()
#11 C:/Users/Hp/Downloads/ecd-app-full/ecd-app-full/vendor/laravel/framework/src/Illuminate/Database/Console/Migrations/MigrateCommand.php(112): Illuminate/Database/Console/Migrations/MigrateCommand->prepareDatabase()
#12 C:/Users/Hp/Downloads/ecd-app-full/ecd-app-full/vendor/laravel/framework/src/Illuminate/Database/Migrations/Migrator.php(672): Illuminate/Database/Console/Migrations/MigrateCommand->{closure:Illuminate/Database/Console/Migrations/MigrateCommand::runMigrations():111}()
#13 C:/Users/Hp/Downloads/ecd-app-full/ecd-app-full/vendor/laravel/framework/src/Illuminate/Database/Console/Migrations/MigrateCommand.php(111): Illuminate/Database/Migrations/Migrator->usingConnection(NULL, Object(Closure))
#14 C:/Users/Hp/Downloads/ecd-app-full/ecd-app-full/vendor/laravel/framework/src/Illuminate/Database/Console/Migrations/MigrateCommand.php(90): Illuminate/Database/Console/Migrations/MigrateCommand->runMigrations()
#15 C:/Users/Hp/Downloads/ecd-app-full/ecd-app-full/vendor/laravel/framework/src/Illuminate/Container/BoundMethod.php(36): Illuminate/Database/Console/Migrations/MigrateCommand->handle()
#16 C:/Users/Hp/Downloads/ecd-app-full/ecd-app-full/vendor/laravel/framework/src/Illuminate/Container/Util.php(43): Illuminate/Container/BoundMethod::{closure:Illuminate/Container/BoundMethod::call():35}()
#17 C:/Users/Hp/Downloads/ecd-app-full/ecd-app-full/vendor/laravel/framework/src/Illuminate/Container/BoundMethod.php(96): Illuminate/Container/Util::unwrapIfClosure(Object(Closure))
#18 C:/Users/Hp/Downloads/ecd-app-full/ecd-app-full/vendor/laravel/framework/src/Illuminate/Container/BoundMethod.php(35): Illuminate/Container/BoundMethod::callBoundMethod(Object(Illuminate/Foundation/Application), Array, Object(Closure))
#19 C:/Users/Hp/Downloads/ecd-app-full/ecd-app-full/vendor/laravel/framework/src/Illuminate/Container/Container.php(803): Illuminate/Container/BoundMethod::call(Object(Illuminate/Foundation/Application), Array, Array, NULL)
#20 C:/Users/Hp/Downloads/ecd-app-full/ecd-app-full/vendor/laravel/framework/src/Illuminate/Console/Command.php(292): Illuminate/Container/Container->call(Array)
#21 C:/Users/Hp/Downloads/ecd-app-full/ecd-app-full/vendor/symfony/console/Command/Command.php(285): Illuminate/Console/Command->execute(Object(Symfony/Component/Console/Input/ArgvInput), Object(Illuminate/Console/OutputStyle))
#22 C:/Users/Hp/Downloads/ecd-app-full/ecd-app-full/vendor/laravel/framework/src/Illuminate/Console/Command.php(261): Symfony/Component/Console/Command/Command->run(Object(Symfony/Component/Console/Input/ArgvInput), Object(Illuminate/Console/OutputStyle))
#23 C:/Users/Hp/Downloads/ecd-app-full/ecd-app-full/vendor/symfony/console/Application.php(1144): Illuminate/Console/Command->run(Object(Symfony/Component/Console/Input/ArgvInput), Object(Symfony/Component/Console/Output/ConsoleOutput))
#24 C:/Users/Hp/Downloads/ecd-app-full/ecd-app-full/vendor/symfony/console/Application.php(379): Symfony/Component/Console/Application->doRunCommand(Object(Illuminate/Database/Console/Migrations/MigrateCommand), Object(Symfony/Component/Console/Input/ArgvInput), Object(Symfony/Component/Console/Output/ConsoleOutput))
#25 C:/Users/Hp/Downloads/ecd-app-full/ecd-app-full/vendor/symfony/console/Application.php(218): Symfony/Component/Console/Application->doRun(Object(Symfony/Component/Console/Input/ArgvInput), Object(Symfony/Component/Console/Output/ConsoleOutput))
#26 C:/Users/Hp/Downloads/ecd-app-full/ecd-app-full/vendor/laravel/framework/src/Illuminate/Foundation/Console/Kernel.php(198): Symfony/Component/Console/Application->run(Object(Symfony/Component/Console/Input/ArgvInput), Object(Symfony/Component/Console/Output/ConsoleOutput))
#27 C:/Users/Hp/Downloads/ecd-app-full/ecd-app-full/vendor/laravel/framework/src/Illuminate/Foundation/Application.php(1242): Illuminate/Foundation/Console/Kernel->handle(Object(Symfony/Component/Console/Input/ArgvInput), Object(Symfony/Component/Console/Output/ConsoleOutput))
#28 C:/Users/Hp/Downloads/ecd-app-full/ecd-app-full/artisan(16): Illuminate/Foundation/Application->handleCommand(Object(Symfony/Component/Console/Input/ArgvInput))
#29 {main}

[previous exception] [object] (PDOException(code: 0): could not find driver at C:/Users/Hp/Downloads/ecd-app-full/ecd-app-full/vendor/laravel/framework/src/Illuminate/Database/Connectors/Connector.php:67)
[stacktrace]
#0 C:/Users/Hp/Downloads/ecd-app-full/ecd-app-full/vendor/laravel/framework/src/Illuminate/Database/Connectors/Connector.php(67): PDO::connect('mysql:host=127....', 'root', Object(SensitiveParameterValue), Array)
#1 C:/Users/Hp/Downloads/ecd-app-full/ecd-app-full/vendor/laravel/framework/src/Illuminate/Database/Connectors/Connector.php(44): Illuminate/Database/Connectors/Connector->createPdoConnection('mysql:host=127....', 'root', Object(SensitiveParameterValue), Array)
#2 C:/Users/Hp/Downloads/ecd-app-full/ecd-app-full/vendor/laravel/framework/src/Illuminate/Database/Connectors/MySqlConnector.php(24): Illuminate/Database/Connectors/Connector->createConnection('mysql:host=127....', Array, Array)
#3 C:/Users/Hp/Downloads/ecd-app-full/ecd-app-full/vendor/laravel/framework/src/Illuminate/Database/Connectors/ConnectionFactory.php(220): Illuminate/Database/Connectors/MySqlConnector->connect(Array)
#4 [internal function]: Illuminate/Database/Connectors/ConnectionFactory->{closure:Illuminate/Database/Connectors/ConnectionFactory::createPdoResolverWithHosts():213}()
#5 C:/Users/Hp/Downloads/ecd-app-full/ecd-app-full/vendor/laravel/framework/src/Illuminate/Database/Connection.php(1298): call_user_func(Object(Closure))
#6 C:/Users/Hp/Downloads/ecd-app-full/ecd-app-full/vendor/laravel/framework/src/Illuminate/Database/Connection.php(1336): Illuminate/Database/Connection->getPdo()
#7 C:/Users/Hp/Downloads/ecd-app-full/ecd-app-full/vendor/laravel/framework/src/Illuminate/Database/Connection.php(542): Illuminate/Database/Connection->getReadPdo()
#8 C:/Users/Hp/Downloads/ecd-app-full/ecd-app-full/vendor/laravel/framework/src/Illuminate/Database/Connection.php(435): Illuminate/Database/Connection->getPdoForSelect(true)
#9 C:/Users/Hp/Downloads/ecd-app-full/ecd-app-full/vendor/laravel/framework/src/Illuminate/Database/Connection.php(846): Illuminate/Database/Connection->{closure:Illuminate/Database/Connection::select():426}('select exists (...', Array)
#10 C:/Users/Hp/Downloads/ecd-app-full/ecd-app-full/vendor/laravel/framework/src/Illuminate/Database/Connection.php(813): Illuminate/Database/Connection->runQueryCallback('select exists (...', Array, Object(Closure))
#11 C:/Users/Hp/Downloads/ecd-app-full/ecd-app-full/vendor/laravel/framework/src/Illuminate/Database/Connection.php(426): Illuminate/Database/Connection->run('select exists (...', Array, Object(Closure))
#12 C:/Users/Hp/Downloads/ecd-app-full/ecd-app-full/vendor/laravel/framework/src/Illuminate/Database/Connection.php(371): Illuminate/Database/Connection->select('select exists (...', Array, true)
#13 C:/Users/Hp/Downloads/ecd-app-full/ecd-app-full/vendor/laravel/framework/src/Illuminate/Database/Connection.php(388): Illuminate/Database/Connection->selectOne('select exists (...', Array, true)
#14 C:/Users/Hp/Downloads/ecd-app-full/ecd-app-full/vendor/laravel/framework/src/Illuminate/Database/Schema/Builder.php(176): Illuminate/Database/Connection->scalar('select exists (...')
#15 C:/Users/Hp/Downloads/ecd-app-full/ecd-app-full/vendor/laravel/framework/src/Illuminate/Database/Migrations/DatabaseMigrationRepository.php(185): Illuminate/Database/Schema/Builder->hasTable('migrations')
#16 C:/Users/Hp/Downloads/ecd-app-full/ecd-app-full/vendor/laravel/framework/src/Illuminate/Database/Migrations/Migrator.php(797): Illuminate/Database/Migrations/DatabaseMigrationRepository->repositoryExists()
#17 C:/Users/Hp/Downloads/ecd-app-full/ecd-app-full/vendor/laravel/framework/src/Illuminate/Database/Console/Migrations/MigrateCommand.php(166): Illuminate/Database/Migrations/Migrator->repositoryExists()
#18 C:/Users/Hp/Downloads/ecd-app-full/ecd-app-full/vendor/laravel/framework/src/Illuminate/Support/helpers.php(328): Illuminate/Database/Console/Migrations/MigrateCommand->{closure:Illuminate/Database/Console/Migrations/MigrateCommand::repositoryExists():166}(1)
#19 C:/Users/Hp/Downloads/ecd-app-full/ecd-app-full/vendor/laravel/framework/src/Illuminate/Database/Console/Migrations/MigrateCommand.php(166): retry(1, Object(Closure), 0, Object(Closure))
#20 C:/Users/Hp/Downloads/ecd-app-full/ecd-app-full/vendor/laravel/framework/src/Illuminate/Database/Console/Migrations/MigrateCommand.php(142): Illuminate/Database/Console/Migrations/MigrateCommand->repositoryExists()
#21 C:/Users/Hp/Downloads/ecd-app-full/ecd-app-full/vendor/laravel/framework/src/Illuminate/Database/Console/Migrations/MigrateCommand.php(112): Illuminate/Database/Console/Migrations/MigrateCommand->prepareDatabase()
#22 C:/Users/Hp/Downloads/ecd-app-full/ecd-app-full/vendor/laravel/framework/src/Illuminate/Database/Migrations/Migrator.php(672): Illuminate/Database/Console/Migrations/MigrateCommand->{closure:Illuminate/Database/Console/Migrations/MigrateCommand::runMigrations():111}()
#23 C:/Users/Hp/Downloads/ecd-app-full/ecd-app-full/vendor/laravel/framework/src/Illuminate/Database/Console/Migrations/MigrateCommand.php(111): Illuminate/Database/Migrations/Migrator->usingConnection(NULL, Object(Closure))
#24 C:/Users/Hp/Downloads/ecd-app-full/ecd-app-full/vendor/laravel/framework/src/Illuminate/Database/Console/Migrations/MigrateCommand.php(90): Illuminate/Database/Console/Migrations/MigrateCommand->runMigrations()
#25 C:/Users/Hp/Downloads/ecd-app-full/ecd-app-full/vendor/laravel/framework/src/Illuminate/Container/BoundMethod.php(36): Illuminate/Database/Console/Migrations/MigrateCommand->handle()
#26 C:/Users/Hp/Downloads/ecd-app-full/ecd-app-full/vendor/laravel/framework/src/Illuminate/Container/Util.php(43): Illuminate/Container/BoundMethod::{closure:Illuminate/Container/BoundMethod::call():35}()
#27 C:/Users/Hp/Downloads/ecd-app-full/ecd-app-full/vendor/laravel/framework/src/Illuminate/Container/BoundMethod.php(96): Illuminate/Container/Util::unwrapIfClosure(Object(Closure))
#28 C:/Users/Hp/Downloads/ecd-app-full/ecd-app-full/vendor/laravel/framework/src/Illuminate/Container/BoundMethod.php(35): Illuminate/Container/BoundMethod::callBoundMethod(Object(Illuminate/Foundation/Application), Array, Object(Closure))
#29 C:/Users/Hp/Downloads/ecd-app-full/ecd-app-full/vendor/laravel/framework/src/Illuminate/Container/Container.php(803): Illuminate/Container/BoundMethod::call(Object(Illuminate/Foundation/Application), Array, Array, NULL)
#30 C:/Users/Hp/Downloads/ecd-app-full/ecd-app-full/vendor/laravel/framework/src/Illuminate/Console/Command.php(292): Illuminate/Container/Container->call(Array)
#31 C:/Users/Hp/Downloads/ecd-app-full/ecd-app-full/vendor/symfony/console/Command/Command.php(285): Illuminate/Console/Command->execute(Object(Symfony/Component/Console/Input/ArgvInput), Object(Illuminate/Console/OutputStyle))
#32 C:/Users/Hp/Downloads/ecd-app-full/ecd-app-full/vendor/laravel/framework/src/Illuminate/Console/Command.php(261): Symfony/Component/Console/Command/Command->run(Object(Symfony/Component/Console/Input/ArgvInput), Object(Illuminate/Console/OutputStyle))
#33 C:/Users/Hp/Downloads/ecd-app-full/ecd-app-full/vendor/symfony/console/Application.php(1144): Illuminate/Console/Command->run(Object(Symfony/Component/Console/Input/ArgvInput), Object(Symfony/Component/Console/Output/ConsoleOutput))
#34 C:/Users/Hp/Downloads/ecd-app-full/ecd-app-full/vendor/symfony/console/Application.php(379): Symfony/Component/Console/Application->doRunCommand(Object(Illuminate/Database/Console/Migrations/MigrateCommand), Object(Symfony/Component/Console/Input/ArgvInput), Object(Symfony/Component/Console/Output/ConsoleOutput))
#35 C:/Users/Hp/Downloads/ecd-app-full/ecd-app-full/vendor/symfony/console/Application.php(218): Symfony/Component/Console/Application->doRun(Object(Symfony/Component/Console/Input/ArgvInput), Object(Symfony/Component/Console/Output/ConsoleOutput))
#36 C:/Users/Hp/Downloads/ecd-app-full/ecd-app-full/vendor/laravel/framework/src/Illuminate/Foundation/Console/Kernel.php(198): Symfony/Component/Console/Application->run(Object(Symfony/Component/Console/Input/ArgvInput), Object(Symfony/Component/Console/Output/ConsoleOutput))
#37 C:/Users/Hp/Downloads/ecd-app-full/ecd-app-full/vendor/laravel/framework/src/Illuminate/Foundation/Application.php(1242): Illuminate/Foundation/Console/Kernel->handle(Object(Symfony/Component/Console/Input/ArgvInput), Object(Symfony/Component/Console/Output/ConsoleOutput))
#38 C:/Users/Hp/Downloads/ecd-app-full/ecd-app-full/artisan(16): Illuminate/Foundation/Application->handleCommand(Object(Symfony/Component/Console/Input/ArgvInput))
#39 {main}
"} 
[2026-08-31 10:59:49] local.ERROR: cURL error 60: SSL certificate OpenSSL verify result: unable to get local issuer certificate (20) (see https://curl.se/libcurl/c/libcurl-errors.html) for https://www.googleapis.com/oauth2/v3/userinfo {"exception":"[object] (Illuminate\\Http\\Client\\ConnectionException(code: 0): cURL error 60: SSL certificate OpenSSL verify result: unable to get local issuer certificate (20) (see https://curl.se/libcurl/c/libcurl-errors.html) for https://www.googleapis.com/oauth2/v3/userinfo at C:/Users/Hp/Downloads/ecd-app-full/ecd-app-full/vendor/laravel/framework/src/Illuminate/Http/Client/PendingRequest.php:2085)
[stacktrace]
#0 C:/Users/Hp/Downloads/ecd-app-full/ecd-app-full/vendor/laravel/framework/src/Illuminate/Http/Client/PendingRequest.php(1117): Illuminate/Http/Client/PendingRequest->marshalTransportException(Object(GuzzleHttp/Exception/ConnectException))
#1 C:/Users/Hp/Downloads/ecd-app-full/ecd-app-full/vendor/laravel/framework/src/Illuminate/Support/helpers.php(328): Illuminate/Http/Client/PendingRequest->{closure:Illuminate/Http/Client/PendingRequest::send():1075}(1)
#2 C:/Users/Hp/Downloads/ecd-app-full/ecd-app-full/vendor/laravel/framework/src/Illuminate/Http/Client/PendingRequest.php(1075): retry(0, Object(Closure), 100, Object(Closure))
#3 C:/Users/Hp/Downloads/ecd-app-full/ecd-app-full/vendor/laravel/framework/src/Illuminate/Http/Client/PendingRequest.php(865): Illuminate/Http/Client/PendingRequest->send('GET', 'https://www.goo...', Array)
#4 C:/Users/Hp/Downloads/ecd-app-full/ecd-app-full/app/Services/GoogleTokenVerifier.php(17): Illuminate/Http/Client/PendingRequest->get('https://www.goo...')
#5 C:/Users/Hp/Downloads/ecd-app-full/ecd-app-full/app/Http/Controllers/Api/GoogleAuthController.php(22): App/Services/GoogleTokenVerifier->verify('google_access_t...')
#6 C:/Users/Hp/Downloads/ecd-app-full/ecd-app-full/vendor/laravel/framework/src/Illuminate/Routing/ControllerDispatcher.php(46): App/Http/Controllers/Api/GoogleAuthController->login(Object(App/Http/Requests/GoogleLoginRequest))
#7 C:/Users/Hp/Downloads/ecd-app-full/ecd-app-full/vendor/laravel/framework/src/Illuminate/Routing/Route.php(276): Illuminate/Routing/ControllerDispatcher->dispatch(Object(Illuminate/Routing/Route), Object(App/Http/Controllers/Api/GoogleAuthController), 'login')
#8 C:/Users/Hp/Downloads/ecd-app-full/ecd-app-full/vendor/laravel/framework/src/Illuminate/Routing/Route.php(216): Illuminate/Routing/Route->runController()
#9 C:/Users/Hp/Downloads/ecd-app-full/ecd-app-full/vendor/laravel/framework/src/Illuminate/Routing/Router.php(822): Illuminate/Routing/Route->run()
#10 C:/Users/Hp/Downloads/ecd-app-full/ecd-app-full/vendor/laravel/framework/src/Illuminate/Pipeline/Pipeline.php(180): Illuminate/Routing/Router->{closure:Illuminate/Routing/Router::runRouteWithinStack():821}(Object(Illuminate/Http/Request))
#11 C:/Users/Hp/Downloads/ecd-app-full/ecd-app-full/vendor/laravel/framework/src/Illuminate/Routing/Middleware/SubstituteBindings.php(52): Illuminate/Pipeline/Pipeline->{closure:Illuminate/Pipeline/Pipeline::prepareDestination():178}(Object(Illuminate/Http/Request))
#12 C:/Users/Hp/Downloads/ecd-app-full/ecd-app-full/vendor/laravel/framework/src/Illuminate/Pipeline/Pipeline.php(219): Illuminate/Routing/Middleware/SubstituteBindings->handle(Object(Illuminate/Http/Request), Object(Closure))
#13 C:/Users/Hp/Downloads/ecd-app-full/ecd-app-full/vendor/laravel/framework/src/Illuminate/Pipeline/Pipeline.php(137): Illuminate/Pipeline/Pipeline->{closure:{closure:Illuminate/Pipeline/Pipeline::carry():194}:195}(Object(Illuminate/Http/Request))
#14 C:/Users/Hp/Downloads/ecd-app-full/ecd-app-full/vendor/laravel/framework/src/Illuminate/Routing/Router.php(821): Illuminate/Pipeline/Pipeline->then(Object(Closure))
#15 C:/Users/Hp/Downloads/ecd-app-full/ecd-app-full/vendor/laravel/framework/src/Illuminate/Routing/Router.php(800): Illuminate/Routing/Router->runRouteWithinStack(Object(Illuminate/Routing/Route), Object(Illuminate/Http/Request))
#16 C:/Users/Hp/Downloads/ecd-app-full/ecd-app-full/vendor/laravel/framework/src/Illuminate/Routing/Router.php(764): Illuminate/Routing/Router->runRoute(Object(Illuminate/Http/Request), Object(Illuminate/Routing/Route))
#17 C:/Users/Hp/Downloads/ecd-app-full/ecd-app-full/vendor/laravel/framework/src/Illuminate/Routing/Router.php(753): Illuminate/Routing/Router->dispatchToRoute(Object(Illuminate/Http/Request))
#18 C:/Users/Hp/Downloads/ecd-app-full/ecd-app-full/vendor/laravel/framework/src/Illuminate/Foundation/Http/Kernel.php(200): Illuminate/Routing/Router->dispatch(Object(Illuminate/Http/Request))
#19 C:/Users/Hp/Downloads/ecd-app-full/ecd-app-full/vendor/laravel/framework/src/Illuminate/Pipeline/Pipeline.php(180): Illuminate/Foundation/Http/Kernel->{closure:Illuminate/Foundation/Http/Kernel::dispatchToRouter():197}(Object(Illuminate/Http/Request))
#20 C:/Users/Hp/Downloads/ecd-app-full/ecd-app-full/vendor/laravel/framework/src/Illuminate/Foundation/Http/Middleware/TransformsRequest.php(21): Illuminate/Pipeline/Pipeline->{closure:Illuminate/Pipeline/Pipeline::prepareDestination():178}(Object(Illuminate/Http/Request))
#21 C:/Users/Hp/Downloads/ecd-app-full/ecd-app-full/vendor/laravel/framework/src/Illuminate/Foundation/Http/Middleware/ConvertEmptyStringsToNull.php(31): Illuminate/Foundation/Http/Middleware/TransformsRequest->handle(Object(Illuminate/Http/Request), Object(Closure))
#22 C:/Users/Hp/Downloads/ecd-app-full/ecd-app-full/vendor/laravel/framework/src/Illuminate/Pipeline/Pipeline.php(219): Illuminate/Foundation/Http/Middleware/ConvertEmptyStringsToNull->handle(Object(Illuminate/Http/Request), Object(Closure))
#23 C:/Users/Hp/Downloads/ecd-app-full/ecd-app-full/vendor/laravel/framework/src/Illuminate/Foundation/Http/Middleware/TransformsRequest.php(21): Illuminate/Pipeline/Pipeline->{closure:{closure:Illuminate/Pipeline/Pipeline::carry():194}:195}(Object(Illuminate/Http/Request))
#24 C:/Users/Hp/Downloads/ecd-app-full/ecd-app-full/vendor/laravel/framework/src/Illuminate/Foundation/Http/Middleware/TrimStrings.php(51): Illuminate/Foundation/Http/Middleware/TransformsRequest->handle(Object(Illuminate/Http/Request), Object(Closure))
#25 C:/Users/Hp/Downloads/ecd-app-full/ecd-app-full/vendor/laravel/framework/src/Illuminate/Pipeline/Pipeline.php(219): Illuminate/Foundation/Http/Middleware/TrimStrings->handle(Object(Illuminate/Http/Request), Object(Closure))
#26 C:/Users/Hp/Downloads/ecd-app-full/ecd-app-full/vendor/laravel/framework/src/Illuminate/Http/Middleware/ValidatePostSize.php(27): Illuminate/Pipeline/Pipeline->{closure:{closure:Illuminate/Pipeline/Pipeline::carry():194}:195}(Object(Illuminate/Http/Request))
#27 C:/Users/Hp/Downloads/ecd-app-full/ecd-app-full/vendor/laravel/framework/src/Illuminate/Pipeline/Pipeline.php(219): Illuminate/Http/Middleware/ValidatePostSize->handle(Object(Illuminate/Http/Request), Object(Closure))
#28 C:/Users/Hp/Downloads/ecd-app-full/ecd-app-full/vendor/laravel/framework/src/Illuminate/Foundation/Http/Middleware/PreventRequestsDuringMaintenance.php(110): Illuminate/Pipeline/Pipeline->{closure:{closure:Illuminate/Pipeline/Pipeline::carry():194}:195}(Object(Illuminate/Http/Request))
#29 C:/Users/Hp/Downloads/ecd-app-full/ecd-app-full/vendor/laravel/framework/src/Illuminate/Pipeline/Pipeline.php(219): Illuminate/Foundation/Http/Middleware/PreventRequestsDuringMaintenance->handle(Object(Illuminate/Http/Request), Object(Closure))
#30 C:/Users/Hp/Downloads/ecd-app-full/ecd-app-full/vendor/laravel/framework/src/Illuminate/Http/Middleware/HandleCors.php(74): Illuminate/Pipeline/Pipeline->{closure:{closure:Illuminate/Pipeline/Pipeline::carry():194}:195}(Object(Illuminate/Http/Request))
#31 C:/Users/Hp/Downloads/ecd-app-full/ecd-app-full/vendor/laravel/framework/src/Illuminate/Pipeline/Pipeline.php(219): Illuminate/Http/Middleware/HandleCors->handle(Object(Illuminate/Http/Request), Object(Closure))
#32 C:/Users/Hp/Downloads/ecd-app-full/ecd-app-full/vendor/laravel/framework/src/Illuminate/Http/Middleware/TrustProxies.php(58): Illuminate/Pipeline/Pipeline->{closure:{closure:Illuminate/Pipeline/Pipeline::carry():194}:195}(Object(Illuminate/Http/Request))
#33 C:/Users/Hp/Downloads/ecd-app-full/ecd-app-full/vendor/laravel/framework/src/Illuminate/Pipeline/Pipeline.php(219): Illuminate/Http/Middleware/TrustProxies->handle(Object(Illuminate/Http/Request), Object(Closure))
#34 C:/Users/Hp/Downloads/ecd-app-full/ecd-app-full/vendor/laravel/framework/src/Illuminate/Foundation/Http/Middleware/InvokeDeferredCallbacks.php(22): Illuminate/Pipeline/Pipeline->{closure:{closure:Illuminate/Pipeline/Pipeline::carry():194}:195}(Object(Illuminate/Http/Request))
#35 C:/Users/Hp/Downloads/ecd-app-full/ecd-app-full/vendor/laravel/framework/src/Illuminate/Pipeline/Pipeline.php(219): Illuminate/Foundation/Http/Middleware/InvokeDeferredCallbacks->handle(Object(Illuminate/Http/Request), Object(Closure))
#36 C:/Users/Hp/Downloads/ecd-app-full/ecd-app-full/vendor/laravel/framework/src/Illuminate/Http/Middleware/ValidatePathEncoding.php(28): Illuminate/Pipeline/Pipeline->{closure:{closure:Illuminate/Pipeline/Pipeline::carry():194}:195}(Object(Illuminate/Http/Request))
#37 C:/Users/Hp/Downloads/ecd-app-full/ecd-app-full/vendor/laravel/framework/src/Illuminate/Pipeline/Pipeline.php(219): Illuminate/Http/Middleware/ValidatePathEncoding->handle(Object(Illuminate/Http/Request), Object(Closure))
#38 C:/Users/Hp/Downloads/ecd-app-full/ecd-app-full/vendor/laravel/framework/src/Illuminate/Pipeline/Pipeline.php(137): Illuminate/Pipeline/Pipeline->{closure:{closure:Illuminate/Pipeline/Pipeline::carry():194}:195}(Object(Illuminate/Http/Request))
#39 C:/Users/Hp/Downloads/ecd-app-full/ecd-app-full/vendor/laravel/framework/src/Illuminate/Foundation/Http/Kernel.php(175): Illuminate/Pipeline/Pipeline->then(Object(Closure))
#40 C:/Users/Hp/Downloads/ecd-app-full/ecd-app-full/vendor/laravel/framework/src/Illuminate/Foundation/Http/Kernel.php(144): Illuminate/Foundation/Http/Kernel->sendRequestThroughRouter(Object(Illuminate/Http/Request))
#41 C:/Users/Hp/Downloads/ecd-app-full/ecd-app-full/vendor/laravel/framework/src/Illuminate/Foundation/Application.php(1227): Illuminate/Foundation/Http/Kernel->handle(Object(Illuminate/Http/Request))
#42 C:/Users/Hp/Downloads/ecd-app-full/ecd-app-full/public/index.php(20): Illuminate/Foundation/Application->handleRequest(Object(Illuminate/Http/Request))
#43 C:/Users/Hp/Downloads/ecd-app-full/ecd-app-full/vendor/laravel/framework/src/Illuminate/Foundation/resources/server.php(23): require_once('C://Users//Hp//Dow...')
#44 {main}

[previous exception] [object] (GuzzleHttp\\Exception\\ConnectException(code: 0): cURL error 60: SSL certificate OpenSSL verify result: unable to get local issuer certificate (20) (see https://curl.se/libcurl/c/libcurl-errors.html) for https://www.googleapis.com/oauth2/v3/userinfo at C:/Users/Hp/Downloads/ecd-app-full/ecd-app-full/vendor/guzzlehttp/guzzle/src/Handler/CurlFactory.php:1432)
[stacktrace]
#0 C:/Users/Hp/Downloads/ecd-app-full/ecd-app-full/vendor/guzzlehttp/guzzle/src/Handler/CurlFactory.php(1205): GuzzleHttp/Handler/CurlFactory::createRejection(Object(SensitiveParameterValue), Object(SensitiveParameterValue))
#1 C:/Users/Hp/Downloads/ecd-app-full/ecd-app-full/vendor/guzzlehttp/guzzle/src/Handler/CurlFactory.php(1049): GuzzleHttp/Handler/CurlFactory::finishError(Object(GuzzleHttp/Handler/CurlHandler), Object(SensitiveParameterValue), Object(GuzzleHttp/Handler/CurlFactory), Object(GuzzleHttp/TransferStats), Object(Closure))
#2 C:/Users/Hp/Downloads/ecd-app-full/ecd-app-full/vendor/guzzlehttp/guzzle/src/Handler/CurlHandler.php(104): GuzzleHttp/Handler/CurlFactory::finish(Object(GuzzleHttp/Handler/CurlHandler), Object(SensitiveParameterValue), Object(GuzzleHttp/Handler/CurlFactory))
#3 C:/Users/Hp/Downloads/ecd-app-full/ecd-app-full/vendor/guzzlehttp/guzzle/src/Handler/Proxy.php(38): GuzzleHttp/Handler/CurlHandler->__invoke(Object(SensitiveParameterValue), Object(SensitiveParameterValue))
#4 C:/Users/Hp/Downloads/ecd-app-full/ecd-app-full/vendor/guzzlehttp/guzzle/src/Handler/Proxy.php(63): GuzzleHttp/Handler/Proxy::{closure:GuzzleHttp/Handler/Proxy::wrapSync():32}(Object(SensitiveParameterValue), Object(SensitiveParameterValue))
#5 C:/Users/Hp/Downloads/ecd-app-full/ecd-app-full/vendor/laravel/framework/src/Illuminate/Http/Client/PendingRequest.php(1788): GuzzleHttp/Handler/Proxy::{closure:GuzzleHttp/Handler/Proxy::wrapStreaming():57}(Object(SensitiveParameterValue), Object(SensitiveParameterValue))
#6 C:/Users/Hp/Downloads/ecd-app-full/ecd-app-full/vendor/laravel/framework/src/Illuminate/Http/Client/PendingRequest.php(1745): Illuminate/Http/Client/PendingRequest->{closure:{closure:Illuminate/Http/Client/PendingRequest::buildStubHandler():1770}:1771}(Object(GuzzleHttp/Psr7/Request), Array)
#7 C:/Users/Hp/Downloads/ecd-app-full/ecd-app-full/vendor/laravel/framework/src/Illuminate/Http/Client/PendingRequest.php(1731): Illuminate/Http/Client/PendingRequest->{closure:{closure:Illuminate/Http/Client/PendingRequest::buildRecorderHandler():1743}:1744}(Object(GuzzleHttp/Psr7/Request), Array)
#8 C:/Users/Hp/Downloads/ecd-app-full/ecd-app-full/vendor/guzzlehttp/guzzle/src/PrepareBodyMiddleware.php(49): Illuminate/Http/Client/PendingRequest->{closure:{closure:Illuminate/Http/Client/PendingRequest::buildBeforeSendingHandler():1729}:1730}(Object(GuzzleHttp/Psr7/Request), Array)
#9 C:/Users/Hp/Downloads/ecd-app-full/ecd-app-full/vendor/guzzlehttp/guzzle/src/Middleware.php(65): GuzzleHttp/PrepareBodyMiddleware->__invoke(Object(SensitiveParameterValue), Object(SensitiveParameterValue))
#10 C:/Users/Hp/Downloads/ecd-app-full/ecd-app-full/vendor/guzzlehttp/guzzle/src/AuthMiddleware.php(100): GuzzleHttp/Middleware::{closure:{closure:GuzzleHttp/Middleware::cookies():50}:51}(Object(SensitiveParameterValue), Object(SensitiveParameterValue))
#11 C:/Users/Hp/Downloads/ecd-app-full/ecd-app-full/vendor/guzzlehttp/guzzle/src/RedirectMiddleware.php(88): GuzzleHttp/AuthMiddleware->__invoke(Object(SensitiveParameterValue), Object(SensitiveParameterValue))
#12 C:/Users/Hp/Downloads/ecd-app-full/ecd-app-full/vendor/guzzlehttp/guzzle/src/Middleware.php(98): GuzzleHttp/RedirectMiddleware->__invoke(Object(SensitiveParameterValue), Object(SensitiveParameterValue))
#13 C:/Users/Hp/Downloads/ecd-app-full/ecd-app-full/vendor/guzzlehttp/guzzle/src/HandlerStack.php(89): GuzzleHttp/Middleware::{closure:{closure:GuzzleHttp/Middleware::httpErrors():90}:91}(Object(SensitiveParameterValue), Object(SensitiveParameterValue))
#14 C:/Users/Hp/Downloads/ecd-app-full/ecd-app-full/vendor/guzzlehttp/guzzle/src/Client.php(1514): GuzzleHttp/HandlerStack->__invoke(Object(SensitiveParameterValue), Object(SensitiveParameterValue))
#15 C:/Users/Hp/Downloads/ecd-app-full/ecd-app-full/vendor/guzzlehttp/guzzle/src/Client.php(561): GuzzleHttp/Client->transfer(Object(SensitiveParameterValue), Object(SensitiveParameterValue))
#16 C:/Users/Hp/Downloads/ecd-app-full/ecd-app-full/vendor/guzzlehttp/guzzle/src/Client.php(658): GuzzleHttp/Client->requestAsync('GET', Object(GuzzleHttp/Psr7/Uri), Object(SensitiveParameterValue))
#17 C:/Users/Hp/Downloads/ecd-app-full/ecd-app-full/vendor/laravel/framework/src/Illuminate/Http/Client/PendingRequest.php(1361): GuzzleHttp/Client->request('GET', 'https://www.goo...', Object(SensitiveParameterValue))
#18 C:/Users/Hp/Downloads/ecd-app-full/ecd-app-full/vendor/laravel/framework/src/Illuminate/Http/Client/PendingRequest.php(1077): Illuminate/Http/Client/PendingRequest->sendRequest('GET', 'https://www.goo...', Array)
#19 C:/Users/Hp/Downloads/ecd-app-full/ecd-app-full/vendor/laravel/framework/src/Illuminate/Support/helpers.php(328): Illuminate/Http/Client/PendingRequest->{closure:Illuminate/Http/Client/PendingRequest::send():1075}(1)
#20 C:/Users/Hp/Downloads/ecd-app-full/ecd-app-full/vendor/laravel/framework/src/Illuminate/Http/Client/PendingRequest.php(1075): retry(0, Object(Closure), 100, Object(Closure))
#21 C:/Users/Hp/Downloads/ecd-app-full/ecd-app-full/vendor/laravel/framework/src/Illuminate/Http/Client/PendingRequest.php(865): Illuminate/Http/Client/PendingRequest->send('GET', 'https://www.goo...', Array)
#22 C:/Users/Hp/Downloads/ecd-app-full/ecd-app-full/app/Services/GoogleTokenVerifier.php(17): Illuminate/Http/Client/PendingRequest->get('https://www.goo...')
#23 C:/Users/Hp/Downloads/ecd-app-full/ecd-app-full/app/Http/Controllers/Api/GoogleAuthController.php(22): App/Services/GoogleTokenVerifier->verify('google_access_t...')
#24 C:/Users/Hp/Downloads/ecd-app-full/ecd-app-full/vendor/laravel/framework/src/Illuminate/Routing/ControllerDispatcher.php(46): App/Http/Controllers/Api/GoogleAuthController->login(Object(App/Http/Requests/GoogleLoginRequest))
#25 C:/Users/Hp/Downloads/ecd-app-full/ecd-app-full/vendor/laravel/framework/src/Illuminate/Routing/Route.php(276): Illuminate/Routing/ControllerDispatcher->dispatch(Object(Illuminate/Routing/Route), Object(App/Http/Controllers/Api/GoogleAuthController), 'login')
#26 C:/Users/Hp/Downloads/ecd-app-full/ecd-app-full/vendor/laravel/framework/src/Illuminate/Routing/Route.php(216): Illuminate/Routing/Route->runController()
#27 C:/Users/Hp/Downloads/ecd-app-full/ecd-app-full/vendor/laravel/framework/src/Illuminate/Routing/Router.php(822): Illuminate/Routing/Route->run()
#28 C:/Users/Hp/Downloads/ecd-app-full/ecd-app-full/vendor/laravel/framework/src/Illuminate/Pipeline/Pipeline.php(180): Illuminate/Routing/Router->{closure:Illuminate/Routing/Router::runRouteWithinStack():821}(Object(Illuminate/Http/Request))
#29 C:/Users/Hp/Downloads/ecd-app-full/ecd-app-full/vendor/laravel/framework/src/Illuminate/Routing/Middleware/SubstituteBindings.php(52): Illuminate/Pipeline/Pipeline->{closure:Illuminate/Pipeline/Pipeline::prepareDestination():178}(Object(Illuminate/Http/Request))
#30 C:/Users/Hp/Downloads/ecd-app-full/ecd-app-full/vendor/laravel/framework/src/Illuminate/Pipeline/Pipeline.php(219): Illuminate/Routing/Middleware/SubstituteBindings->handle(Object(Illuminate/Http/Request), Object(Closure))
#31 C:/Users/Hp/Downloads/ecd-app-full/ecd-app-full/vendor/laravel/framework/src/Illuminate/Pipeline/Pipeline.php(137): Illuminate/Pipeline/Pipeline->{closure:{closure:Illuminate/Pipeline/Pipeline::carry():194}:195}(Object(Illuminate/Http/Request))
#32 C:/Users/Hp/Downloads/ecd-app-full/ecd-app-full/vendor/laravel/framework/src/Illuminate/Routing/Router.php(821): Illuminate/Pipeline/Pipeline->then(Object(Closure))
#33 C:/Users/Hp/Downloads/ecd-app-full/ecd-app-full/vendor/laravel/framework/src/Illuminate/Routing/Router.php(800): Illuminate/Routing/Router->runRouteWithinStack(Object(Illuminate/Routing/Route), Object(Illuminate/Http/Request))
#34 C:/Users/Hp/Downloads/ecd-app-full/ecd-app-full/vendor/laravel/framework/src/Illuminate/Routing/Router.php(764): Illuminate/Routing/Router->runRoute(Object(Illuminate/Http/Request), Object(Illuminate/Routing/Route))
#35 C:/Users/Hp/Downloads/ecd-app-full/ecd-app-full/vendor/laravel/framework/src/Illuminate/Routing/Router.php(753): Illuminate/Routing/Router->dispatchToRoute(Object(Illuminate/Http/Request))
#36 C:/Users/Hp/Downloads/ecd-app-full/ecd-app-full/vendor/laravel/framework/src/Illuminate/Foundation/Http/Kernel.php(200): Illuminate/Routing/Router->dispatch(Object(Illuminate/Http/Request))
#37 C:/Users/Hp/Downloads/ecd-app-full/ecd-app-full/vendor/laravel/framework/src/Illuminate/Pipeline/Pipeline.php(180): Illuminate/Foundation/Http/Kernel->{closure:Illuminate/Foundation/Http/Kernel::dispatchToRouter():197}(Object(Illuminate/Http/Request))
#38 C:/Users/Hp/Downloads/ecd-app-full/ecd-app-full/vendor/laravel/framework/src/Illuminate/Foundation/Http/Middleware/TransformsRequest.php(21): Illuminate/Pipeline/Pipeline->{closure:Illuminate/Pipeline/Pipeline::prepareDestination():178}(Object(Illuminate/Http/Request))
#39 C:/Users/Hp/Downloads/ecd-app-full/ecd-app-full/vendor/laravel/framework/src/Illuminate/Foundation/Http/Middleware/ConvertEmptyStringsToNull.php(31): Illuminate/Foundation/Http/Middleware/TransformsRequest->handle(Object(Illuminate/Http/Request), Object(Closure))
#40 C:/Users/Hp/Downloads/ecd-app-full/ecd-app-full/vendor/laravel/framework/src/Illuminate/Pipeline/Pipeline.php(219): Illuminate/Foundation/Http/Middleware/ConvertEmptyStringsToNull->handle(Object(Illuminate/Http/Request), Object(Closure))
#41 C:/Users/Hp/Downloads/ecd-app-full/ecd-app-full/vendor/laravel/framework/src/Illuminate/Foundation/Http/Middleware/TransformsRequest.php(21): Illuminate/Pipeline/Pipeline->{closure:{closure:Illuminate/Pipeline/Pipeline::carry():194}:195}(Object(Illuminate/Http/Request))
#42 C:/Users/Hp/Downloads/ecd-app-full/ecd-app-full/vendor/laravel/framework/src/Illuminate/Foundation/Http/Middleware/TrimStrings.php(51): Illuminate/Foundation/Http/Middleware/TransformsRequest->handle(Object(Illuminate/Http/Request), Object(Closure))
#43 C:/Users/Hp/Downloads/ecd-app-full/ecd-app-full/vendor/laravel/framework/src/Illuminate/Pipeline/Pipeline.php(219): Illuminate/Foundation/Http/Middleware/TrimStrings->handle(Object(Illuminate/Http/Request), Object(Closure))
#44 C:/Users/Hp/Downloads/ecd-app-full/ecd-app-full/vendor/laravel/framework/src/Illuminate/Http/Middleware/ValidatePostSize.php(27): Illuminate/Pipeline/Pipeline->{closure:{closure:Illuminate/Pipeline/Pipeline::carry():194}:195}(Object(Illuminate/Http/Request))
#45 C:/Users/Hp/Downloads/ecd-app-full/ecd-app-full/vendor/laravel/framework/src/Illuminate/Pipeline/Pipeline.php(219): Illuminate/Http/Middleware/ValidatePostSize->handle(Object(Illuminate/Http/Request), Object(Closure))
#46 C:/Users/Hp/Downloads/ecd-app-full/ecd-app-full/vendor/laravel/framework/src/Illuminate/Foundation/Http/Middleware/PreventRequestsDuringMaintenance.php(110): Illuminate/Pipeline/Pipeline->{closure:{closure:Illuminate/Pipeline/Pipeline::carry():194}:195}(Object(Illuminate/Http/Request))
#47 C:/Users/Hp/Downloads/ecd-app-full/ecd-app-full/vendor/laravel/framework/src/Illuminate/Pipeline/Pipeline.php(219): Illuminate/Foundation/Http/Middleware/PreventRequestsDuringMaintenance->handle(Object(Illuminate/Http/Request), Object(Closure))
#48 C:/Users/Hp/Downloads/ecd-app-full/ecd-app-full/vendor/laravel/framework/src/Illuminate/Http/Middleware/HandleCors.php(74): Illuminate/Pipeline/Pipeline->{closure:{closure:Illuminate/Pipeline/Pipeline::carry():194}:195}(Object(Illuminate/Http/Request))
#49 C:/Users/Hp/Downloads/ecd-app-full/ecd-app-full/vendor/laravel/framework/src/Illuminate/Pipeline/Pipeline.php(219): Illuminate/Http/Middleware/HandleCors->handle(Object(Illuminate/Http/Request), Object(Closure))
#50 C:/Users/Hp/Downloads/ecd-app-full/ecd-app-full/vendor/laravel/framework/src/Illuminate/Http/Middleware/TrustProxies.php(58): Illuminate/Pipeline/Pipeline->{closure:{closure:Illuminate/Pipeline/Pipeline::carry():194}:195}(Object(Illuminate/Http/Request))
#51 C:/Users/Hp/Downloads/ecd-app-full/ecd-app-full/vendor/laravel/framework/src/Illuminate/Pipeline/Pipeline.php(219): Illuminate/Http/Middleware/TrustProxies->handle(Object(Illuminate/Http/Request), Object(Closure))
#52 C:/Users/Hp/Downloads/ecd-app-full/ecd-app-full/vendor/laravel/framework/src/Illuminate/Foundation/Http/Middleware/InvokeDeferredCallbacks.php(22): Illuminate/Pipeline/Pipeline->{closure:{closure:Illuminate/Pipeline/Pipeline::carry():194}:195}(Object(Illuminate/Http/Request))
#53 C:/Users/Hp/Downloads/ecd-app-full/ecd-app-full/vendor/laravel/framework/src/Illuminate/Pipeline/Pipeline.php(219): Illuminate/Foundation/Http/Middleware/InvokeDeferredCallbacks->handle(Object(Illuminate/Http/Request), Object(Closure))
#54 C:/Users/Hp/Downloads/ecd-app-full/ecd-app-full/vendor/laravel/framework/src/Illuminate/Http/Middleware/ValidatePathEncoding.php(28): Illuminate/Pipeline/Pipeline->{closure:{closure:Illuminate/Pipeline/Pipeline::carry():194}:195}(Object(Illuminate/Http/Request))
#55 C:/Users/Hp/Downloads/ecd-app-full/ecd-app-full/vendor/laravel/framework/src/Illuminate/Pipeline/Pipeline.php(219): Illuminate/Http/Middleware/ValidatePathEncoding->handle(Object(Illuminate/Http/Request), Object(Closure))
#56 C:/Users/Hp/Downloads/ecd-app-full/ecd-app-full/vendor/laravel/framework/src/Illuminate/Pipeline/Pipeline.php(137): Illuminate/Pipeline/Pipeline->{closure:{closure:Illuminate/Pipeline/Pipeline::carry():194}:195}(Object(Illuminate/Http/Request))
#57 C:/Users/Hp/Downloads/ecd-app-full/ecd-app-full/vendor/laravel/framework/src/Illuminate/Foundation/Http/Kernel.php(175): Illuminate/Pipeline/Pipeline->then(Object(Closure))
#58 C:/Users/Hp/Downloads/ecd-app-full/ecd-app-full/vendor/laravel/framework/src/Illuminate/Foundation/Http/Kernel.php(144): Illuminate/Foundation/Http/Kernel->sendRequestThroughRouter(Object(Illuminate/Http/Request))
#59 C:/Users/Hp/Downloads/ecd-app-full/ecd-app-full/vendor/laravel/framework/src/Illuminate/Foundation/Application.php(1227): Illuminate/Foundation/Http/Kernel->handle(Object(Illuminate/Http/Request))
#60 C:/Users/Hp/Downloads/ecd-app-full/ecd-app-full/public/index.php(20): Illuminate/Foundation/Application->handleRequest(Object(Illuminate/Http/Request))
#61 C:/Users/Hp/Downloads/ecd-app-full/ecd-app-full/vendor/laravel/framework/src/Illuminate/Foundation/resources/server.php(23): require_once('C://Users//Hp//Dow...')
#62 {main}
"} 
[2026-08-31 11:01:22] local.ERROR: could not find driver (Connection: mysql, Host: 127.0.0.1, Port: 3306, Database: ecd_app_full, SQL: select exists (select 1 from information_schema.tables where table_schema = schema() and table_name = 'migrations' and table_type in ('BASE TABLE', 'SYSTEM VERSIONED')) as `exists`) {"exception":"[object] (Illuminate\\Database\\QueryException(code: 0): could not find driver (Connection: mysql, Host: 127.0.0.1, Port: 3306, Database: ecd_app_full, SQL: select exists (select 1 from information_schema.tables where table_schema = schema() and table_name = 'migrations' and table_type in ('BASE TABLE', 'SYSTEM VERSIONED')) as `exists`) at C:/Users/Hp/Downloads/ecd-app-full/ecd-app-full/vendor/laravel/framework/src/Illuminate/Database/Connection.php:857)
[stacktrace]
#0 C:/Users/Hp/Downloads/ecd-app-full/ecd-app-full/vendor/laravel/framework/src/Illuminate/Database/Connection.php(813): Illuminate/Database/Connection->runQueryCallback('select exists (...', Array, Object(Closure))
#1 C:/Users/Hp/Downloads/ecd-app-full/ecd-app-full/vendor/laravel/framework/src/Illuminate/Database/Connection.php(426): Illuminate/Database/Connection->run('select exists (...', Array, Object(Closure))
#2 C:/Users/Hp/Downloads/ecd-app-full/ecd-app-full/vendor/laravel/framework/src/Illuminate/Database/Connection.php(371): Illuminate/Database/Connection->select('select exists (...', Array, true)
#3 C:/Users/Hp/Downloads/ecd-app-full/ecd-app-full/vendor/laravel/framework/src/Illuminate/Database/Connection.php(388): Illuminate/Database/Connection->selectOne('select exists (...', Array, true)
#4 C:/Users/Hp/Downloads/ecd-app-full/ecd-app-full/vendor/laravel/framework/src/Illuminate/Database/Schema/Builder.php(176): Illuminate/Database/Connection->scalar('select exists (...')
#5 C:/Users/Hp/Downloads/ecd-app-full/ecd-app-full/vendor/laravel/framework/src/Illuminate/Database/Migrations/DatabaseMigrationRepository.php(185): Illuminate/Database/Schema/Builder->hasTable('migrations')
#6 C:/Users/Hp/Downloads/ecd-app-full/ecd-app-full/vendor/laravel/framework/src/Illuminate/Database/Migrations/Migrator.php(797): Illuminate/Database/Migrations/DatabaseMigrationRepository->repositoryExists()
#7 C:/Users/Hp/Downloads/ecd-app-full/ecd-app-full/vendor/laravel/framework/src/Illuminate/Database/Console/Migrations/StatusCommand.php(67): Illuminate/Database/Migrations/Migrator->repositoryExists()
#8 C:/Users/Hp/Downloads/ecd-app-full/ecd-app-full/vendor/laravel/framework/src/Illuminate/Database/Migrations/Migrator.php(672): Illuminate/Database/Console/Migrations/StatusCommand->{closure:Illuminate/Database/Console/Migrations/StatusCommand::handle():66}()
#9 C:/Users/Hp/Downloads/ecd-app-full/ecd-app-full/vendor/laravel/framework/src/Illuminate/Database/Console/Migrations/StatusCommand.php(66): Illuminate/Database/Migrations/Migrator->usingConnection(NULL, Object(Closure))
#10 C:/Users/Hp/Downloads/ecd-app-full/ecd-app-full/vendor/laravel/framework/src/Illuminate/Container/BoundMethod.php(36): Illuminate/Database/Console/Migrations/StatusCommand->handle()
#11 C:/Users/Hp/Downloads/ecd-app-full/ecd-app-full/vendor/laravel/framework/src/Illuminate/Container/Util.php(43): Illuminate/Container/BoundMethod::{closure:Illuminate/Container/BoundMethod::call():35}()
#12 C:/Users/Hp/Downloads/ecd-app-full/ecd-app-full/vendor/laravel/framework/src/Illuminate/Container/BoundMethod.php(96): Illuminate/Container/Util::unwrapIfClosure(Object(Closure))
#13 C:/Users/Hp/Downloads/ecd-app-full/ecd-app-full/vendor/laravel/framework/src/Illuminate/Container/BoundMethod.php(35): Illuminate/Container/BoundMethod::callBoundMethod(Object(Illuminate/Foundation/Application), Array, Object(Closure))
#14 C:/Users/Hp/Downloads/ecd-app-full/ecd-app-full/vendor/laravel/framework/src/Illuminate/Container/Container.php(803): Illuminate/Container/BoundMethod::call(Object(Illuminate/Foundation/Application), Array, Array, NULL)
#15 C:/Users/Hp/Downloads/ecd-app-full/ecd-app-full/vendor/laravel/framework/src/Illuminate/Console/Command.php(292): Illuminate/Container/Container->call(Array)
#16 C:/Users/Hp/Downloads/ecd-app-full/ecd-app-full/vendor/symfony/console/Command/Command.php(285): Illuminate/Console/Command->execute(Object(Symfony/Component/Console/Input/ArgvInput), Object(Illuminate/Console/OutputStyle))
#17 C:/Users/Hp/Downloads/ecd-app-full/ecd-app-full/vendor/laravel/framework/src/Illuminate/Console/Command.php(261): Symfony/Component/Console/Command/Command->run(Object(Symfony/Component/Console/Input/ArgvInput), Object(Illuminate/Console/OutputStyle))
#18 C:/Users/Hp/Downloads/ecd-app-full/ecd-app-full/vendor/symfony/console/Application.php(1144): Illuminate/Console/Command->run(Object(Symfony/Component/Console/Input/ArgvInput), Object(Symfony/Component/Console/Output/ConsoleOutput))
#19 C:/Users/Hp/Downloads/ecd-app-full/ecd-app-full/vendor/symfony/console/Application.php(379): Symfony/Component/Console/Application->doRunCommand(Object(Illuminate/Database/Console/Migrations/StatusCommand), Object(Symfony/Component/Console/Input/ArgvInput), Object(Symfony/Component/Console/Output/ConsoleOutput))
#20 C:/Users/Hp/Downloads/ecd-app-full/ecd-app-full/vendor/symfony/console/Application.php(218): Symfony/Component/Console/Application->doRun(Object(Symfony/Component/Console/Input/ArgvInput), Object(Symfony/Component/Console/Output/ConsoleOutput))
#21 C:/Users/Hp/Downloads/ecd-app-full/ecd-app-full/vendor/laravel/framework/src/Illuminate/Foundation/Console/Kernel.php(198): Symfony/Component/Console/Application->run(Object(Symfony/Component/Console/Input/ArgvInput), Object(Symfony/Component/Console/Output/ConsoleOutput))
#22 C:/Users/Hp/Downloads/ecd-app-full/ecd-app-full/vendor/laravel/framework/src/Illuminate/Foundation/Application.php(1242): Illuminate/Foundation/Console/Kernel->handle(Object(Symfony/Component/Console/Input/ArgvInput), Object(Symfony/Component/Console/Output/ConsoleOutput))
#23 C:/Users/Hp/Downloads/ecd-app-full/ecd-app-full/artisan(16): Illuminate/Foundation/Application->handleCommand(Object(Symfony/Component/Console/Input/ArgvInput))
#24 {main}

[previous exception] [object] (PDOException(code: 0): could not find driver at C:/Users/Hp/Downloads/ecd-app-full/ecd-app-full/vendor/laravel/framework/src/Illuminate/Database/Connectors/Connector.php:67)
[stacktrace]
#0 C:/Users/Hp/Downloads/ecd-app-full/ecd-app-full/vendor/laravel/framework/src/Illuminate/Database/Connectors/Connector.php(67): PDO::connect('mysql:host=127....', 'root', Object(SensitiveParameterValue), Array)
#1 C:/Users/Hp/Downloads/ecd-app-full/ecd-app-full/vendor/laravel/framework/src/Illuminate/Database/Connectors/Connector.php(44): Illuminate/Database/Connectors/Connector->createPdoConnection('mysql:host=127....', 'root', Object(SensitiveParameterValue), Array)
#2 C:/Users/Hp/Downloads/ecd-app-full/ecd-app-full/vendor/laravel/framework/src/Illuminate/Database/Connectors/MySqlConnector.php(24): Illuminate/Database/Connectors/Connector->createConnection('mysql:host=127....', Array, Array)
#3 C:/Users/Hp/Downloads/ecd-app-full/ecd-app-full/vendor/laravel/framework/src/Illuminate/Database/Connectors/ConnectionFactory.php(220): Illuminate/Database/Connectors/MySqlConnector->connect(Array)
#4 [internal function]: Illuminate/Database/Connectors/ConnectionFactory->{closure:Illuminate/Database/Connectors/ConnectionFactory::createPdoResolverWithHosts():213}()
#5 C:/Users/Hp/Downloads/ecd-app-full/ecd-app-full/vendor/laravel/framework/src/Illuminate/Database/Connection.php(1298): call_user_func(Object(Closure))
#6 C:/Users/Hp/Downloads/ecd-app-full/ecd-app-full/vendor/laravel/framework/src/Illuminate/Database/Connection.php(1336): Illuminate/Database/Connection->getPdo()
#7 C:/Users/Hp/Downloads/ecd-app-full/ecd-app-full/vendor/laravel/framework/src/Illuminate/Database/Connection.php(542): Illuminate/Database/Connection->getReadPdo()
#8 C:/Users/Hp/Downloads/ecd-app-full/ecd-app-full/vendor/laravel/framework/src/Illuminate/Database/Connection.php(435): Illuminate/Database/Connection->getPdoForSelect(true)
#9 C:/Users/Hp/Downloads/ecd-app-full/ecd-app-full/vendor/laravel/framework/src/Illuminate/Database/Connection.php(846): Illuminate/Database/Connection->{closure:Illuminate/Database/Connection::select():426}('select exists (...', Array)
#10 C:/Users/Hp/Downloads/ecd-app-full/ecd-app-full/vendor/laravel/framework/src/Illuminate/Database/Connection.php(813): Illuminate/Database/Connection->runQueryCallback('select exists (...', Array, Object(Closure))
#11 C:/Users/Hp/Downloads/ecd-app-full/ecd-app-full/vendor/laravel/framework/src/Illuminate/Database/Connection.php(426): Illuminate/Database/Connection->run('select exists (...', Array, Object(Closure))
#12 C:/Users/Hp/Downloads/ecd-app-full/ecd-app-full/vendor/laravel/framework/src/Illuminate/Database/Connection.php(371): Illuminate/Database/Connection->select('select exists (...', Array, true)
#13 C:/Users/Hp/Downloads/ecd-app-full/ecd-app-full/vendor/laravel/framework/src/Illuminate/Database/Connection.php(388): Illuminate/Database/Connection->selectOne('select exists (...', Array, true)
#14 C:/Users/Hp/Downloads/ecd-app-full/ecd-app-full/vendor/laravel/framework/src/Illuminate/Database/Schema/Builder.php(176): Illuminate/Database/Connection->scalar('select exists (...')
#15 C:/Users/Hp/Downloads/ecd-app-full/ecd-app-full/vendor/laravel/framework/src/Illuminate/Database/Migrations/DatabaseMigrationRepository.php(185): Illuminate/Database/Schema/Builder->hasTable('migrations')
#16 C:/Users/Hp/Downloads/ecd-app-full/ecd-app-full/vendor/laravel/framework/src/Illuminate/Database/Migrations/Migrator.php(797): Illuminate/Database/Migrations/DatabaseMigrationRepository->repositoryExists()
#17 C:/Users/Hp/Downloads/ecd-app-full/ecd-app-full/vendor/laravel/framework/src/Illuminate/Database/Console/Migrations/StatusCommand.php(67): Illuminate/Database/Migrations/Migrator->repositoryExists()
#18 C:/Users/Hp/Downloads/ecd-app-full/ecd-app-full/vendor/laravel/framework/src/Illuminate/Database/Migrations/Migrator.php(672): Illuminate/Database/Console/Migrations/StatusCommand->{closure:Illuminate/Database/Console/Migrations/StatusCommand::handle():66}()
#19 C:/Users/Hp/Downloads/ecd-app-full/ecd-app-full/vendor/laravel/framework/src/Illuminate/Database/Console/Migrations/StatusCommand.php(66): Illuminate/Database/Migrations/Migrator->usingConnection(NULL, Object(Closure))
#20 C:/Users/Hp/Downloads/ecd-app-full/ecd-app-full/vendor/laravel/framework/src/Illuminate/Container/BoundMethod.php(36): Illuminate/Database/Console/Migrations/StatusCommand->handle()
#21 C:/Users/Hp/Downloads/ecd-app-full/ecd-app-full/vendor/laravel/framework/src/Illuminate/Container/Util.php(43): Illuminate/Container/BoundMethod::{closure:Illuminate/Container/BoundMethod::call():35}()
#22 C:/Users/Hp/Downloads/ecd-app-full/ecd-app-full/vendor/laravel/framework/src/Illuminate/Container/BoundMethod.php(96): Illuminate/Container/Util::unwrapIfClosure(Object(Closure))
#23 C:/Users/Hp/Downloads/ecd-app-full/ecd-app-full/vendor/laravel/framework/src/Illuminate/Container/BoundMethod.php(35): Illuminate/Container/BoundMethod::callBoundMethod(Object(Illuminate/Foundation/Application), Array, Object(Closure))
#24 C:/Users/Hp/Downloads/ecd-app-full/ecd-app-full/vendor/laravel/framework/src/Illuminate/Container/Container.php(803): Illuminate/Container/BoundMethod::call(Object(Illuminate/Foundation/Application), Array, Array, NULL)
#25 C:/Users/Hp/Downloads/ecd-app-full/ecd-app-full/vendor/laravel/framework/src/Illuminate/Console/Command.php(292): Illuminate/Container/Container->call(Array)
#26 C:/Users/Hp/Downloads/ecd-app-full/ecd-app-full/vendor/symfony/console/Command/Command.php(285): Illuminate/Console/Command->execute(Object(Symfony/Component/Console/Input/ArgvInput), Object(Illuminate/Console/OutputStyle))
#27 C:/Users/Hp/Downloads/ecd-app-full/ecd-app-full/vendor/laravel/framework/src/Illuminate/Console/Command.php(261): Symfony/Component/Console/Command/Command->run(Object(Symfony/Component/Console/Input/ArgvInput), Object(Illuminate/Console/OutputStyle))
#28 C:/Users/Hp/Downloads/ecd-app-full/ecd-app-full/vendor/symfony/console/Application.php(1144): Illuminate/Console/Command->run(Object(Symfony/Component/Console/Input/ArgvInput), Object(Symfony/Component/Console/Output/ConsoleOutput))
#29 C:/Users/Hp/Downloads/ecd-app-full/ecd-app-full/vendor/symfony/console/Application.php(379): Symfony/Component/Console/Application->doRunCommand(Object(Illuminate/Database/Console/Migrations/StatusCommand), Object(Symfony/Component/Console/Input/ArgvInput), Object(Symfony/Component/Console/Output/ConsoleOutput))
#30 C:/Users/Hp/Downloads/ecd-app-full/ecd-app-full/vendor/symfony/console/Application.php(218): Symfony/Component/Console/Application->doRun(Object(Symfony/Component/Console/Input/ArgvInput), Object(Symfony/Component/Console/Output/ConsoleOutput))
#31 C:/Users/Hp/Downloads/ecd-app-full/ecd-app-full/vendor/laravel/framework/src/Illuminate/Foundation/Console/Kernel.php(198): Symfony/Component/Console/Application->run(Object(Symfony/Component/Console/Input/ArgvInput), Object(Symfony/Component/Console/Output/ConsoleOutput))
#32 C:/Users/Hp/Downloads/ecd-app-full/ecd-app-full/vendor/laravel/framework/src/Illuminate/Foundation/Application.php(1242): Illuminate/Foundation/Console/Kernel->handle(Object(Symfony/Component/Console/Input/ArgvInput), Object(Symfony/Component/Console/Output/ConsoleOutput))
#33 C:/Users/Hp/Downloads/ecd-app-full/ecd-app-full/artisan(16): Illuminate/Foundation/Application->handleCommand(Object(Symfony/Component/Console/Input/ArgvInput))
#34 {main}
"} 
[2026-08-31 11:02:58] local.ERROR: SQLSTATE[HY000] [1049] Unknown database 'ecd_app_full' (Connection: mysql, Host: 127.0.0.1, Port: 3306, Database: ecd_app_full, SQL: select exists (select 1 from information_schema.tables where table_schema = schema() and table_name = 'migrations' and table_type in ('BASE TABLE', 'SYSTEM VERSIONED')) as `exists`) {"exception":"[object] (Illuminate\\Database\\QueryException(code: 1049): SQLSTATE[HY000] [1049] Unknown database 'ecd_app_full' (Connection: mysql, Host: 127.0.0.1, Port: 3306, Database: ecd_app_full, SQL: select exists (select 1 from information_schema.tables where table_schema = schema() and table_name = 'migrations' and table_type in ('BASE TABLE', 'SYSTEM VERSIONED')) as `exists`) at C:/Users/Hp/Downloads/ecd-app-full/ecd-app-full/vendor/laravel/framework/src/Illuminate/Database/Connection.php:857)
[stacktrace]
#0 C:/Users/Hp/Downloads/ecd-app-full/ecd-app-full/vendor/laravel/framework/src/Illuminate/Database/Connection.php(813): Illuminate/Database/Connection->runQueryCallback('select exists (...', Array, Object(Closure))
#1 C:/Users/Hp/Downloads/ecd-app-full/ecd-app-full/vendor/laravel/framework/src/Illuminate/Database/Connection.php(426): Illuminate/Database/Connection->run('select exists (...', Array, Object(Closure))
#2 C:/Users/Hp/Downloads/ecd-app-full/ecd-app-full/vendor/laravel/framework/src/Illuminate/Database/Connection.php(371): Illuminate/Database/Connection->select('select exists (...', Array, true)
#3 C:/Users/Hp/Downloads/ecd-app-full/ecd-app-full/vendor/laravel/framework/src/Illuminate/Database/Connection.php(388): Illuminate/Database/Connection->selectOne('select exists (...', Array, true)
#4 C:/Users/Hp/Downloads/ecd-app-full/ecd-app-full/vendor/laravel/framework/src/Illuminate/Database/Schema/Builder.php(176): Illuminate/Database/Connection->scalar('select exists (...')
#5 C:/Users/Hp/Downloads/ecd-app-full/ecd-app-full/vendor/laravel/framework/src/Illuminate/Database/Migrations/DatabaseMigrationRepository.php(185): Illuminate/Database/Schema/Builder->hasTable('migrations')
#6 C:/Users/Hp/Downloads/ecd-app-full/ecd-app-full/vendor/laravel/framework/src/Illuminate/Database/Migrations/Migrator.php(797): Illuminate/Database/Migrations/DatabaseMigrationRepository->repositoryExists()
#7 C:/Users/Hp/Downloads/ecd-app-full/ecd-app-full/vendor/laravel/framework/src/Illuminate/Database/Console/Migrations/StatusCommand.php(67): Illuminate/Database/Migrations/Migrator->repositoryExists()
#8 C:/Users/Hp/Downloads/ecd-app-full/ecd-app-full/vendor/laravel/framework/src/Illuminate/Database/Migrations/Migrator.php(672): Illuminate/Database/Console/Migrations/StatusCommand->{closure:Illuminate/Database/Console/Migrations/StatusCommand::handle():66}()
#9 C:/Users/Hp/Downloads/ecd-app-full/ecd-app-full/vendor/laravel/framework/src/Illuminate/Database/Console/Migrations/StatusCommand.php(66): Illuminate/Database/Migrations/Migrator->usingConnection(NULL, Object(Closure))
#10 C:/Users/Hp/Downloads/ecd-app-full/ecd-app-full/vendor/laravel/framework/src/Illuminate/Container/BoundMethod.php(36): Illuminate/Database/Console/Migrations/StatusCommand->handle()
#11 C:/Users/Hp/Downloads/ecd-app-full/ecd-app-full/vendor/laravel/framework/src/Illuminate/Container/Util.php(43): Illuminate/Container/BoundMethod::{closure:Illuminate/Container/BoundMethod::call():35}()
#12 C:/Users/Hp/Downloads/ecd-app-full/ecd-app-full/vendor/laravel/framework/src/Illuminate/Container/BoundMethod.php(96): Illuminate/Container/Util::unwrapIfClosure(Object(Closure))
#13 C:/Users/Hp/Downloads/ecd-app-full/ecd-app-full/vendor/laravel/framework/src/Illuminate/Container/BoundMethod.php(35): Illuminate/Container/BoundMethod::callBoundMethod(Object(Illuminate/Foundation/Application), Array, Object(Closure))
#14 C:/Users/Hp/Downloads/ecd-app-full/ecd-app-full/vendor/laravel/framework/src/Illuminate/Container/Container.php(803): Illuminate/Container/BoundMethod::call(Object(Illuminate/Foundation/Application), Array, Array, NULL)
#15 C:/Users/Hp/Downloads/ecd-app-full/ecd-app-full/vendor/laravel/framework/src/Illuminate/Console/Command.php(292): Illuminate/Container/Container->call(Array)
#16 C:/Users/Hp/Downloads/ecd-app-full/ecd-app-full/vendor/symfony/console/Command/Command.php(285): Illuminate/Console/Command->execute(Object(Symfony/Component/Console/Input/ArgvInput), Object(Illuminate/Console/OutputStyle))
#17 C:/Users/Hp/Downloads/ecd-app-full/ecd-app-full/vendor/laravel/framework/src/Illuminate/Console/Command.php(261): Symfony/Component/Console/Command/Command->run(Object(Symfony/Component/Console/Input/ArgvInput), Object(Illuminate/Console/OutputStyle))
#18 C:/Users/Hp/Downloads/ecd-app-full/ecd-app-full/vendor/symfony/console/Application.php(1144): Illuminate/Console/Command->run(Object(Symfony/Component/Console/Input/ArgvInput), Object(Symfony/Component/Console/Output/ConsoleOutput))
#19 C:/Users/Hp/Downloads/ecd-app-full/ecd-app-full/vendor/symfony/console/Application.php(379): Symfony/Component/Console/Application->doRunCommand(Object(Illuminate/Database/Console/Migrations/StatusCommand), Object(Symfony/Component/Console/Input/ArgvInput), Object(Symfony/Component/Console/Output/ConsoleOutput))
#20 C:/Users/Hp/Downloads/ecd-app-full/ecd-app-full/vendor/symfony/console/Application.php(218): Symfony/Component/Console/Application->doRun(Object(Symfony/Component/Console/Input/ArgvInput), Object(Symfony/Component/Console/Output/ConsoleOutput))
#21 C:/Users/Hp/Downloads/ecd-app-full/ecd-app-full/vendor/laravel/framework/src/Illuminate/Foundation/Console/Kernel.php(198): Symfony/Component/Console/Application->run(Object(Symfony/Component/Console/Input/ArgvInput), Object(Symfony/Component/Console/Output/ConsoleOutput))
#22 C:/Users/Hp/Downloads/ecd-app-full/ecd-app-full/vendor/laravel/framework/src/Illuminate/Foundation/Application.php(1242): Illuminate/Foundation/Console/Kernel->handle(Object(Symfony/Component/Console/Input/ArgvInput), Object(Symfony/Component/Console/Output/ConsoleOutput))
#23 C:/Users/Hp/Downloads/ecd-app-full/ecd-app-full/artisan(16): Illuminate/Foundation/Application->handleCommand(Object(Symfony/Component/Console/Input/ArgvInput))
#24 {main}

[previous exception] [object] (PDOException(code: 1049): SQLSTATE[HY000] [1049] Unknown database 'ecd_app_full' at C:/Users/Hp/Downloads/ecd-app-full/ecd-app-full/vendor/laravel/framework/src/Illuminate/Database/Connectors/Connector.php:67)
[stacktrace]
#0 C:/Users/Hp/Downloads/ecd-app-full/ecd-app-full/vendor/laravel/framework/src/Illuminate/Database/Connectors/Connector.php(67): PDO::connect('mysql:host=127....', 'root', Object(SensitiveParameterValue), Array)
#1 C:/Users/Hp/Downloads/ecd-app-full/ecd-app-full/vendor/laravel/framework/src/Illuminate/Database/Connectors/Connector.php(44): Illuminate/Database/Connectors/Connector->createPdoConnection('mysql:host=127....', 'root', Object(SensitiveParameterValue), Array)
#2 C:/Users/Hp/Downloads/ecd-app-full/ecd-app-full/vendor/laravel/framework/src/Illuminate/Database/Connectors/MySqlConnector.php(24): Illuminate/Database/Connectors/Connector->createConnection('mysql:host=127....', Array, Array)
#3 C:/Users/Hp/Downloads/ecd-app-full/ecd-app-full/vendor/laravel/framework/src/Illuminate/Database/Connectors/ConnectionFactory.php(220): Illuminate/Database/Connectors/MySqlConnector->connect(Array)
#4 [internal function]: Illuminate/Database/Connectors/ConnectionFactory->{closure:Illuminate/Database/Connectors/ConnectionFactory::createPdoResolverWithHosts():213}()
#5 C:/Users/Hp/Downloads/ecd-app-full/ecd-app-full/vendor/laravel/framework/src/Illuminate/Database/Connection.php(1298): call_user_func(Object(Closure))
#6 C:/Users/Hp/Downloads/ecd-app-full/ecd-app-full/vendor/laravel/framework/src/Illuminate/Database/Connection.php(1336): Illuminate/Database/Connection->getPdo()
#7 C:/Users/Hp/Downloads/ecd-app-full/ecd-app-full/vendor/laravel/framework/src/Illuminate/Database/Connection.php(542): Illuminate/Database/Connection->getReadPdo()
#8 C:/Users/Hp/Downloads/ecd-app-full/ecd-app-full/vendor/laravel/framework/src/Illuminate/Database/Connection.php(435): Illuminate/Database/Connection->getPdoForSelect(true)
#9 C:/Users/Hp/Downloads/ecd-app-full/ecd-app-full/vendor/laravel/framework/src/Illuminate/Database/Connection.php(846): Illuminate/Database/Connection->{closure:Illuminate/Database/Connection::select():426}('select exists (...', Array)
#10 C:/Users/Hp/Downloads/ecd-app-full/ecd-app-full/vendor/laravel/framework/src/Illuminate/Database/Connection.php(813): Illuminate/Database/Connection->runQueryCallback('select exists (...', Array, Object(Closure))
#11 C:/Users/Hp/Downloads/ecd-app-full/ecd-app-full/vendor/laravel/framework/src/Illuminate/Database/Connection.php(426): Illuminate/Database/Connection->run('select exists (...', Array, Object(Closure))
#12 C:/Users/Hp/Downloads/ecd-app-full/ecd-app-full/vendor/laravel/framework/src/Illuminate/Database/Connection.php(371): Illuminate/Database/Connection->select('select exists (...', Array, true)
#13 C:/Users/Hp/Downloads/ecd-app-full/ecd-app-full/vendor/laravel/framework/src/Illuminate/Database/Connection.php(388): Illuminate/Database/Connection->selectOne('select exists (...', Array, true)
#14 C:/Users/Hp/Downloads/ecd-app-full/ecd-app-full/vendor/laravel/framework/src/Illuminate/Database/Schema/Builder.php(176): Illuminate/Database/Connection->scalar('select exists (...')
#15 C:/Users/Hp/Downloads/ecd-app-full/ecd-app-full/vendor/laravel/framework/src/Illuminate/Database/Migrations/DatabaseMigrationRepository.php(185): Illuminate/Database/Schema/Builder->hasTable('migrations')
#16 C:/Users/Hp/Downloads/ecd-app-full/ecd-app-full/vendor/laravel/framework/src/Illuminate/Database/Migrations/Migrator.php(797): Illuminate/Database/Migrations/DatabaseMigrationRepository->repositoryExists()
#17 C:/Users/Hp/Downloads/ecd-app-full/ecd-app-full/vendor/laravel/framework/src/Illuminate/Database/Console/Migrations/StatusCommand.php(67): Illuminate/Database/Migrations/Migrator->repositoryExists()
#18 C:/Users/Hp/Downloads/ecd-app-full/ecd-app-full/vendor/laravel/framework/src/Illuminate/Database/Migrations/Migrator.php(672): Illuminate/Database/Console/Migrations/StatusCommand->{closure:Illuminate/Database/Console/Migrations/StatusCommand::handle():66}()
#19 C:/Users/Hp/Downloads/ecd-app-full/ecd-app-full/vendor/laravel/framework/src/Illuminate/Database/Console/Migrations/StatusCommand.php(66): Illuminate/Database/Migrations/Migrator->usingConnection(NULL, Object(Closure))
#20 C:/Users/Hp/Downloads/ecd-app-full/ecd-app-full/vendor/laravel/framework/src/Illuminate/Container/BoundMethod.php(36): Illuminate/Database/Console/Migrations/StatusCommand->handle()
#21 C:/Users/Hp/Downloads/ecd-app-full/ecd-app-full/vendor/laravel/framework/src/Illuminate/Container/Util.php(43): Illuminate/Container/BoundMethod::{closure:Illuminate/Container/BoundMethod::call():35}()
#22 C:/Users/Hp/Downloads/ecd-app-full/ecd-app-full/vendor/laravel/framework/src/Illuminate/Container/BoundMethod.php(96): Illuminate/Container/Util::unwrapIfClosure(Object(Closure))
#23 C:/Users/Hp/Downloads/ecd-app-full/ecd-app-full/vendor/laravel/framework/src/Illuminate/Container/BoundMethod.php(35): Illuminate/Container/BoundMethod::callBoundMethod(Object(Illuminate/Foundation/Application), Array, Object(Closure))
#24 C:/Users/Hp/Downloads/ecd-app-full/ecd-app-full/vendor/laravel/framework/src/Illuminate/Container/Container.php(803): Illuminate/Container/BoundMethod::call(Object(Illuminate/Foundation/Application), Array, Array, NULL)
#25 C:/Users/Hp/Downloads/ecd-app-full/ecd-app-full/vendor/laravel/framework/src/Illuminate/Console/Command.php(292): Illuminate/Container/Container->call(Array)
#26 C:/Users/Hp/Downloads/ecd-app-full/ecd-app-full/vendor/symfony/console/Command/Command.php(285): Illuminate/Console/Command->execute(Object(Symfony/Component/Console/Input/ArgvInput), Object(Illuminate/Console/OutputStyle))
#27 C:/Users/Hp/Downloads/ecd-app-full/ecd-app-full/vendor/laravel/framework/src/Illuminate/Console/Command.php(261): Symfony/Component/Console/Command/Command->run(Object(Symfony/Component/Console/Input/ArgvInput), Object(Illuminate/Console/OutputStyle))
#28 C:/Users/Hp/Downloads/ecd-app-full/ecd-app-full/vendor/symfony/console/Application.php(1144): Illuminate/Console/Command->run(Object(Symfony/Component/Console/Input/ArgvInput), Object(Symfony/Component/Console/Output/ConsoleOutput))
#29 C:/Users/Hp/Downloads/ecd-app-full/ecd-app-full/vendor/symfony/console/Application.php(379): Symfony/Component/Console/Application->doRunCommand(Object(Illuminate/Database/Console/Migrations/StatusCommand), Object(Symfony/Component/Console/Input/ArgvInput), Object(Symfony/Component/Console/Output/ConsoleOutput))
#30 C:/Users/Hp/Downloads/ecd-app-full/ecd-app-full/vendor/symfony/console/Application.php(218): Symfony/Component/Console/Application->doRun(Object(Symfony/Component/Console/Input/ArgvInput), Object(Symfony/Component/Console/Output/ConsoleOutput))
#31 C:/Users/Hp/Downloads/ecd-app-full/ecd-app-full/vendor/laravel/framework/src/Illuminate/Foundation/Console/Kernel.php(198): Symfony/Component/Console/Application->run(Object(Symfony/Component/Console/Input/ArgvInput), Object(Symfony/Component/Console/Output/ConsoleOutput))
#32 C:/Users/Hp/Downloads/ecd-app-full/ecd-app-full/vendor/laravel/framework/src/Illuminate/Foundation/Application.php(1242): Illuminate/Foundation/Console/Kernel->handle(Object(Symfony/Component/Console/Input/ArgvInput), Object(Symfony/Component/Console/Output/ConsoleOutput))
#33 C:/Users/Hp/Downloads/ecd-app-full/ecd-app-full/artisan(16): Illuminate/Foundation/Application->handleCommand(Object(Symfony/Component/Console/Input/ArgvInput))
#34 {main}
"} 
[2026-08-31 11:04:07] local.ERROR: cURL error 60: SSL certificate OpenSSL verify result: unable to get local issuer certificate (20) (see https://curl.se/libcurl/c/libcurl-errors.html) for https://www.googleapis.com/oauth2/v3/userinfo {"exception":"[object] (Illuminate\\Http\\Client\\ConnectionException(code: 0): cURL error 60: SSL certificate OpenSSL verify result: unable to get local issuer certificate (20) (see https://curl.se/libcurl/c/libcurl-errors.html) for https://www.googleapis.com/oauth2/v3/userinfo at C:/Users/Hp/Downloads/ecd-app-full/ecd-app-full/vendor/laravel/framework/src/Illuminate/Http/Client/PendingRequest.php:2085)
[stacktrace]
#0 C:/Users/Hp/Downloads/ecd-app-full/ecd-app-full/vendor/laravel/framework/src/Illuminate/Http/Client/PendingRequest.php(1117): Illuminate/Http/Client/PendingRequest->marshalTransportException(Object(GuzzleHttp/Exception/ConnectException))
#1 C:/Users/Hp/Downloads/ecd-app-full/ecd-app-full/vendor/laravel/framework/src/Illuminate/Support/helpers.php(328): Illuminate/Http/Client/PendingRequest->{closure:Illuminate/Http/Client/PendingRequest::send():1075}(1)
#2 C:/Users/Hp/Downloads/ecd-app-full/ecd-app-full/vendor/laravel/framework/src/Illuminate/Http/Client/PendingRequest.php(1075): retry(0, Object(Closure), 100, Object(Closure))
#3 C:/Users/Hp/Downloads/ecd-app-full/ecd-app-full/vendor/laravel/framework/src/Illuminate/Http/Client/PendingRequest.php(865): Illuminate/Http/Client/PendingRequest->send('GET', 'https://www.goo...', Array)
#4 C:/Users/Hp/Downloads/ecd-app-full/ecd-app-full/app/Services/GoogleTokenVerifier.php(17): Illuminate/Http/Client/PendingRequest->get('https://www.goo...')
#5 C:/Users/Hp/Downloads/ecd-app-full/ecd-app-full/app/Http/Controllers/Api/GoogleAuthController.php(22): App/Services/GoogleTokenVerifier->verify('google_access_t...')
#6 C:/Users/Hp/Downloads/ecd-app-full/ecd-app-full/vendor/laravel/framework/src/Illuminate/Routing/ControllerDispatcher.php(46): App/Http/Controllers/Api/GoogleAuthController->login(Object(App/Http/Requests/GoogleLoginRequest))
#7 C:/Users/Hp/Downloads/ecd-app-full/ecd-app-full/vendor/laravel/framework/src/Illuminate/Routing/Route.php(276): Illuminate/Routing/ControllerDispatcher->dispatch(Object(Illuminate/Routing/Route), Object(App/Http/Controllers/Api/GoogleAuthController), 'login')
#8 C:/Users/Hp/Downloads/ecd-app-full/ecd-app-full/vendor/laravel/framework/src/Illuminate/Routing/Route.php(216): Illuminate/Routing/Route->runController()
#9 C:/Users/Hp/Downloads/ecd-app-full/ecd-app-full/vendor/laravel/framework/src/Illuminate/Routing/Router.php(822): Illuminate/Routing/Route->run()
#10 C:/Users/Hp/Downloads/ecd-app-full/ecd-app-full/vendor/laravel/framework/src/Illuminate/Pipeline/Pipeline.php(180): Illuminate/Routing/Router->{closure:Illuminate/Routing/Router::runRouteWithinStack():821}(Object(Illuminate/Http/Request))
#11 C:/Users/Hp/Downloads/ecd-app-full/ecd-app-full/vendor/laravel/framework/src/Illuminate/Routing/Middleware/SubstituteBindings.php(52): Illuminate/Pipeline/Pipeline->{closure:Illuminate/Pipeline/Pipeline::prepareDestination():178}(Object(Illuminate/Http/Request))
#12 C:/Users/Hp/Downloads/ecd-app-full/ecd-app-full/vendor/laravel/framework/src/Illuminate/Pipeline/Pipeline.php(219): Illuminate/Routing/Middleware/SubstituteBindings->handle(Object(Illuminate/Http/Request), Object(Closure))
#13 C:/Users/Hp/Downloads/ecd-app-full/ecd-app-full/vendor/laravel/framework/src/Illuminate/Pipeline/Pipeline.php(137): Illuminate/Pipeline/Pipeline->{closure:{closure:Illuminate/Pipeline/Pipeline::carry():194}:195}(Object(Illuminate/Http/Request))
#14 C:/Users/Hp/Downloads/ecd-app-full/ecd-app-full/vendor/laravel/framework/src/Illuminate/Routing/Router.php(821): Illuminate/Pipeline/Pipeline->then(Object(Closure))
#15 C:/Users/Hp/Downloads/ecd-app-full/ecd-app-full/vendor/laravel/framework/src/Illuminate/Routing/Router.php(800): Illuminate/Routing/Router->runRouteWithinStack(Object(Illuminate/Routing/Route), Object(Illuminate/Http/Request))
#16 C:/Users/Hp/Downloads/ecd-app-full/ecd-app-full/vendor/laravel/framework/src/Illuminate/Routing/Router.php(764): Illuminate/Routing/Router->runRoute(Object(Illuminate/Http/Request), Object(Illuminate/Routing/Route))
#17 C:/Users/Hp/Downloads/ecd-app-full/ecd-app-full/vendor/laravel/framework/src/Illuminate/Routing/Router.php(753): Illuminate/Routing/Router->dispatchToRoute(Object(Illuminate/Http/Request))
#18 C:/Users/Hp/Downloads/ecd-app-full/ecd-app-full/vendor/laravel/framework/src/Illuminate/Foundation/Http/Kernel.php(200): Illuminate/Routing/Router->dispatch(Object(Illuminate/Http/Request))
#19 C:/Users/Hp/Downloads/ecd-app-full/ecd-app-full/vendor/laravel/framework/src/Illuminate/Pipeline/Pipeline.php(180): Illuminate/Foundation/Http/Kernel->{closure:Illuminate/Foundation/Http/Kernel::dispatchToRouter():197}(Object(Illuminate/Http/Request))
#20 C:/Users/Hp/Downloads/ecd-app-full/ecd-app-full/vendor/laravel/framework/src/Illuminate/Foundation/Http/Middleware/TransformsRequest.php(21): Illuminate/Pipeline/Pipeline->{closure:Illuminate/Pipeline/Pipeline::prepareDestination():178}(Object(Illuminate/Http/Request))
#21 C:/Users/Hp/Downloads/ecd-app-full/ecd-app-full/vendor/laravel/framework/src/Illuminate/Foundation/Http/Middleware/ConvertEmptyStringsToNull.php(31): Illuminate/Foundation/Http/Middleware/TransformsRequest->handle(Object(Illuminate/Http/Request), Object(Closure))
#22 C:/Users/Hp/Downloads/ecd-app-full/ecd-app-full/vendor/laravel/framework/src/Illuminate/Pipeline/Pipeline.php(219): Illuminate/Foundation/Http/Middleware/ConvertEmptyStringsToNull->handle(Object(Illuminate/Http/Request), Object(Closure))
#23 C:/Users/Hp/Downloads/ecd-app-full/ecd-app-full/vendor/laravel/framework/src/Illuminate/Foundation/Http/Middleware/TransformsRequest.php(21): Illuminate/Pipeline/Pipeline->{closure:{closure:Illuminate/Pipeline/Pipeline::carry():194}:195}(Object(Illuminate/Http/Request))
#24 C:/Users/Hp/Downloads/ecd-app-full/ecd-app-full/vendor/laravel/framework/src/Illuminate/Foundation/Http/Middleware/TrimStrings.php(51): Illuminate/Foundation/Http/Middleware/TransformsRequest->handle(Object(Illuminate/Http/Request), Object(Closure))
#25 C:/Users/Hp/Downloads/ecd-app-full/ecd-app-full/vendor/laravel/framework/src/Illuminate/Pipeline/Pipeline.php(219): Illuminate/Foundation/Http/Middleware/TrimStrings->handle(Object(Illuminate/Http/Request), Object(Closure))
#26 C:/Users/Hp/Downloads/ecd-app-full/ecd-app-full/vendor/laravel/framework/src/Illuminate/Http/Middleware/ValidatePostSize.php(27): Illuminate/Pipeline/Pipeline->{closure:{closure:Illuminate/Pipeline/Pipeline::carry():194}:195}(Object(Illuminate/Http/Request))
#27 C:/Users/Hp/Downloads/ecd-app-full/ecd-app-full/vendor/laravel/framework/src/Illuminate/Pipeline/Pipeline.php(219): Illuminate/Http/Middleware/ValidatePostSize->handle(Object(Illuminate/Http/Request), Object(Closure))
#28 C:/Users/Hp/Downloads/ecd-app-full/ecd-app-full/vendor/laravel/framework/src/Illuminate/Foundation/Http/Middleware/PreventRequestsDuringMaintenance.php(110): Illuminate/Pipeline/Pipeline->{closure:{closure:Illuminate/Pipeline/Pipeline::carry():194}:195}(Object(Illuminate/Http/Request))
#29 C:/Users/Hp/Downloads/ecd-app-full/ecd-app-full/vendor/laravel/framework/src/Illuminate/Pipeline/Pipeline.php(219): Illuminate/Foundation/Http/Middleware/PreventRequestsDuringMaintenance->handle(Object(Illuminate/Http/Request), Object(Closure))
#30 C:/Users/Hp/Downloads/ecd-app-full/ecd-app-full/vendor/laravel/framework/src/Illuminate/Http/Middleware/HandleCors.php(74): Illuminate/Pipeline/Pipeline->{closure:{closure:Illuminate/Pipeline/Pipeline::carry():194}:195}(Object(Illuminate/Http/Request))
#31 C:/Users/Hp/Downloads/ecd-app-full/ecd-app-full/vendor/laravel/framework/src/Illuminate/Pipeline/Pipeline.php(219): Illuminate/Http/Middleware/HandleCors->handle(Object(Illuminate/Http/Request), Object(Closure))
#32 C:/Users/Hp/Downloads/ecd-app-full/ecd-app-full/vendor/laravel/framework/src/Illuminate/Http/Middleware/TrustProxies.php(58): Illuminate/Pipeline/Pipeline->{closure:{closure:Illuminate/Pipeline/Pipeline::carry():194}:195}(Object(Illuminate/Http/Request))
#33 C:/Users/Hp/Downloads/ecd-app-full/ecd-app-full/vendor/laravel/framework/src/Illuminate/Pipeline/Pipeline.php(219): Illuminate/Http/Middleware/TrustProxies->handle(Object(Illuminate/Http/Request), Object(Closure))
#34 C:/Users/Hp/Downloads/ecd-app-full/ecd-app-full/vendor/laravel/framework/src/Illuminate/Foundation/Http/Middleware/InvokeDeferredCallbacks.php(22): Illuminate/Pipeline/Pipeline->{closure:{closure:Illuminate/Pipeline/Pipeline::carry():194}:195}(Object(Illuminate/Http/Request))
#35 C:/Users/Hp/Downloads/ecd-app-full/ecd-app-full/vendor/laravel/framework/src/Illuminate/Pipeline/Pipeline.php(219): Illuminate/Foundation/Http/Middleware/InvokeDeferredCallbacks->handle(Object(Illuminate/Http/Request), Object(Closure))
#36 C:/Users/Hp/Downloads/ecd-app-full/ecd-app-full/vendor/laravel/framework/src/Illuminate/Http/Middleware/ValidatePathEncoding.php(28): Illuminate/Pipeline/Pipeline->{closure:{closure:Illuminate/Pipeline/Pipeline::carry():194}:195}(Object(Illuminate/Http/Request))
#37 C:/Users/Hp/Downloads/ecd-app-full/ecd-app-full/vendor/laravel/framework/src/Illuminate/Pipeline/Pipeline.php(219): Illuminate/Http/Middleware/ValidatePathEncoding->handle(Object(Illuminate/Http/Request), Object(Closure))
#38 C:/Users/Hp/Downloads/ecd-app-full/ecd-app-full/vendor/laravel/framework/src/Illuminate/Pipeline/Pipeline.php(137): Illuminate/Pipeline/Pipeline->{closure:{closure:Illuminate/Pipeline/Pipeline::carry():194}:195}(Object(Illuminate/Http/Request))
#39 C:/Users/Hp/Downloads/ecd-app-full/ecd-app-full/vendor/laravel/framework/src/Illuminate/Foundation/Http/Kernel.php(175): Illuminate/Pipeline/Pipeline->then(Object(Closure))
#40 C:/Users/Hp/Downloads/ecd-app-full/ecd-app-full/vendor/laravel/framework/src/Illuminate/Foundation/Http/Kernel.php(144): Illuminate/Foundation/Http/Kernel->sendRequestThroughRouter(Object(Illuminate/Http/Request))
#41 C:/Users/Hp/Downloads/ecd-app-full/ecd-app-full/vendor/laravel/framework/src/Illuminate/Foundation/Application.php(1227): Illuminate/Foundation/Http/Kernel->handle(Object(Illuminate/Http/Request))
#42 C:/Users/Hp/Downloads/ecd-app-full/ecd-app-full/public/index.php(20): Illuminate/Foundation/Application->handleRequest(Object(Illuminate/Http/Request))
#43 C:/Users/Hp/Downloads/ecd-app-full/ecd-app-full/vendor/laravel/framework/src/Illuminate/Foundation/resources/server.php(23): require_once('C://Users//Hp//Dow...')
#44 {main}

[previous exception] [object] (GuzzleHttp\\Exception\\ConnectException(code: 0): cURL error 60: SSL certificate OpenSSL verify result: unable to get local issuer certificate (20) (see https://curl.se/libcurl/c/libcurl-errors.html) for https://www.googleapis.com/oauth2/v3/userinfo at C:/Users/Hp/Downloads/ecd-app-full/ecd-app-full/vendor/guzzlehttp/guzzle/src/Handler/CurlFactory.php:1432)
[stacktrace]
#0 C:/Users/Hp/Downloads/ecd-app-full/ecd-app-full/vendor/guzzlehttp/guzzle/src/Handler/CurlFactory.php(1205): GuzzleHttp/Handler/CurlFactory::createRejection(Object(SensitiveParameterValue), Object(SensitiveParameterValue))
#1 C:/Users/Hp/Downloads/ecd-app-full/ecd-app-full/vendor/guzzlehttp/guzzle/src/Handler/CurlFactory.php(1049): GuzzleHttp/Handler/CurlFactory::finishError(Object(GuzzleHttp/Handler/CurlHandler), Object(SensitiveParameterValue), Object(GuzzleHttp/Handler/CurlFactory), Object(GuzzleHttp/TransferStats), Object(Closure))
#2 C:/Users/Hp/Downloads/ecd-app-full/ecd-app-full/vendor/guzzlehttp/guzzle/src/Handler/CurlHandler.php(104): GuzzleHttp/Handler/CurlFactory::finish(Object(GuzzleHttp/Handler/CurlHandler), Object(SensitiveParameterValue), Object(GuzzleHttp/Handler/CurlFactory))
#3 C:/Users/Hp/Downloads/ecd-app-full/ecd-app-full/vendor/guzzlehttp/guzzle/src/Handler/Proxy.php(38): GuzzleHttp/Handler/CurlHandler->__invoke(Object(SensitiveParameterValue), Object(SensitiveParameterValue))
#4 C:/Users/Hp/Downloads/ecd-app-full/ecd-app-full/vendor/guzzlehttp/guzzle/src/Handler/Proxy.php(63): GuzzleHttp/Handler/Proxy::{closure:GuzzleHttp/Handler/Proxy::wrapSync():32}(Object(SensitiveParameterValue), Object(SensitiveParameterValue))
#5 C:/Users/Hp/Downloads/ecd-app-full/ecd-app-full/vendor/laravel/framework/src/Illuminate/Http/Client/PendingRequest.php(1788): GuzzleHttp/Handler/Proxy::{closure:GuzzleHttp/Handler/Proxy::wrapStreaming():57}(Object(SensitiveParameterValue), Object(SensitiveParameterValue))
#6 C:/Users/Hp/Downloads/ecd-app-full/ecd-app-full/vendor/laravel/framework/src/Illuminate/Http/Client/PendingRequest.php(1745): Illuminate/Http/Client/PendingRequest->{closure:{closure:Illuminate/Http/Client/PendingRequest::buildStubHandler():1770}:1771}(Object(GuzzleHttp/Psr7/Request), Array)
#7 C:/Users/Hp/Downloads/ecd-app-full/ecd-app-full/vendor/laravel/framework/src/Illuminate/Http/Client/PendingRequest.php(1731): Illuminate/Http/Client/PendingRequest->{closure:{closure:Illuminate/Http/Client/PendingRequest::buildRecorderHandler():1743}:1744}(Object(GuzzleHttp/Psr7/Request), Array)
#8 C:/Users/Hp/Downloads/ecd-app-full/ecd-app-full/vendor/guzzlehttp/guzzle/src/PrepareBodyMiddleware.php(49): Illuminate/Http/Client/PendingRequest->{closure:{closure:Illuminate/Http/Client/PendingRequest::buildBeforeSendingHandler():1729}:1730}(Object(GuzzleHttp/Psr7/Request), Array)
#9 C:/Users/Hp/Downloads/ecd-app-full/ecd-app-full/vendor/guzzlehttp/guzzle/src/Middleware.php(65): GuzzleHttp/PrepareBodyMiddleware->__invoke(Object(SensitiveParameterValue), Object(SensitiveParameterValue))
#10 C:/Users/Hp/Downloads/ecd-app-full/ecd-app-full/vendor/guzzlehttp/guzzle/src/AuthMiddleware.php(100): GuzzleHttp/Middleware::{closure:{closure:GuzzleHttp/Middleware::cookies():50}:51}(Object(SensitiveParameterValue), Object(SensitiveParameterValue))
#11 C:/Users/Hp/Downloads/ecd-app-full/ecd-app-full/vendor/guzzlehttp/guzzle/src/RedirectMiddleware.php(88): GuzzleHttp/AuthMiddleware->__invoke(Object(SensitiveParameterValue), Object(SensitiveParameterValue))
#12 C:/Users/Hp/Downloads/ecd-app-full/ecd-app-full/vendor/guzzlehttp/guzzle/src/Middleware.php(98): GuzzleHttp/RedirectMiddleware->__invoke(Object(SensitiveParameterValue), Object(SensitiveParameterValue))
#13 C:/Users/Hp/Downloads/ecd-app-full/ecd-app-full/vendor/guzzlehttp/guzzle/src/HandlerStack.php(89): GuzzleHttp/Middleware::{closure:{closure:GuzzleHttp/Middleware::httpErrors():90}:91}(Object(SensitiveParameterValue), Object(SensitiveParameterValue))
#14 C:/Users/Hp/Downloads/ecd-app-full/ecd-app-full/vendor/guzzlehttp/guzzle/src/Client.php(1514): GuzzleHttp/HandlerStack->__invoke(Object(SensitiveParameterValue), Object(SensitiveParameterValue))
#15 C:/Users/Hp/Downloads/ecd-app-full/ecd-app-full/vendor/guzzlehttp/guzzle/src/Client.php(561): GuzzleHttp/Client->transfer(Object(SensitiveParameterValue), Object(SensitiveParameterValue))
#16 C:/Users/Hp/Downloads/ecd-app-full/ecd-app-full/vendor/guzzlehttp/guzzle/src/Client.php(658): GuzzleHttp/Client->requestAsync('GET', Object(GuzzleHttp/Psr7/Uri), Object(SensitiveParameterValue))
#17 C:/Users/Hp/Downloads/ecd-app-full/ecd-app-full/vendor/laravel/framework/src/Illuminate/Http/Client/PendingRequest.php(1361): GuzzleHttp/Client->request('GET', 'https://www.goo...', Object(SensitiveParameterValue))
#18 C:/Users/Hp/Downloads/ecd-app-full/ecd-app-full/vendor/laravel/framework/src/Illuminate/Http/Client/PendingRequest.php(1077): Illuminate/Http/Client/PendingRequest->sendRequest('GET', 'https://www.goo...', Array)
#19 C:/Users/Hp/Downloads/ecd-app-full/ecd-app-full/vendor/laravel/framework/src/Illuminate/Support/helpers.php(328): Illuminate/Http/Client/PendingRequest->{closure:Illuminate/Http/Client/PendingRequest::send():1075}(1)
#20 C:/Users/Hp/Downloads/ecd-app-full/ecd-app-full/vendor/laravel/framework/src/Illuminate/Http/Client/PendingRequest.php(1075): retry(0, Object(Closure), 100, Object(Closure))
#21 C:/Users/Hp/Downloads/ecd-app-full/ecd-app-full/vendor/laravel/framework/src/Illuminate/Http/Client/PendingRequest.php(865): Illuminate/Http/Client/PendingRequest->send('GET', 'https://www.goo...', Array)
#22 C:/Users/Hp/Downloads/ecd-app-full/ecd-app-full/app/Services/GoogleTokenVerifier.php(17): Illuminate/Http/Client/PendingRequest->get('https://www.goo...')
#23 C:/Users/Hp/Downloads/ecd-app-full/ecd-app-full/app/Http/Controllers/Api/GoogleAuthController.php(22): App/Services/GoogleTokenVerifier->verify('google_access_t...')
#24 C:/Users/Hp/Downloads/ecd-app-full/ecd-app-full/vendor/laravel/framework/src/Illuminate/Routing/ControllerDispatcher.php(46): App/Http/Controllers/Api/GoogleAuthController->login(Object(App/Http/Requests/GoogleLoginRequest))
#25 C:/Users/Hp/Downloads/ecd-app-full/ecd-app-full/vendor/laravel/framework/src/Illuminate/Routing/Route.php(276): Illuminate/Routing/ControllerDispatcher->dispatch(Object(Illuminate/Routing/Route), Object(App/Http/Controllers/Api/GoogleAuthController), 'login')
#26 C:/Users/Hp/Downloads/ecd-app-full/ecd-app-full/vendor/laravel/framework/src/Illuminate/Routing/Route.php(216): Illuminate/Routing/Route->runController()
#27 C:/Users/Hp/Downloads/ecd-app-full/ecd-app-full/vendor/laravel/framework/src/Illuminate/Routing/Router.php(822): Illuminate/Routing/Route->run()
#28 C:/Users/Hp/Downloads/ecd-app-full/ecd-app-full/vendor/laravel/framework/src/Illuminate/Pipeline/Pipeline.php(180): Illuminate/Routing/Router->{closure:Illuminate/Routing/Router::runRouteWithinStack():821}(Object(Illuminate/Http/Request))
#29 C:/Users/Hp/Downloads/ecd-app-full/ecd-app-full/vendor/laravel/framework/src/Illuminate/Routing/Middleware/SubstituteBindings.php(52): Illuminate/Pipeline/Pipeline->{closure:Illuminate/Pipeline/Pipeline::prepareDestination():178}(Object(Illuminate/Http/Request))
#30 C:/Users/Hp/Downloads/ecd-app-full/ecd-app-full/vendor/laravel/framework/src/Illuminate/Pipeline/Pipeline.php(219): Illuminate/Routing/Middleware/SubstituteBindings->handle(Object(Illuminate/Http/Request), Object(Closure))
#31 C:/Users/Hp/Downloads/ecd-app-full/ecd-app-full/vendor/laravel/framework/src/Illuminate/Pipeline/Pipeline.php(137): Illuminate/Pipeline/Pipeline->{closure:{closure:Illuminate/Pipeline/Pipeline::carry():194}:195}(Object(Illuminate/Http/Request))
#32 C:/Users/Hp/Downloads/ecd-app-full/ecd-app-full/vendor/laravel/framework/src/Illuminate/Routing/Router.php(821): Illuminate/Pipeline/Pipeline->then(Object(Closure))
#33 C:/Users/Hp/Downloads/ecd-app-full/ecd-app-full/vendor/laravel/framework/src/Illuminate/Routing/Router.php(800): Illuminate/Routing/Router->runRouteWithinStack(Object(Illuminate/Routing/Route), Object(Illuminate/Http/Request))
#34 C:/Users/Hp/Downloads/ecd-app-full/ecd-app-full/vendor/laravel/framework/src/Illuminate/Routing/Router.php(764): Illuminate/Routing/Router->runRoute(Object(Illuminate/Http/Request), Object(Illuminate/Routing/Route))
#35 C:/Users/Hp/Downloads/ecd-app-full/ecd-app-full/vendor/laravel/framework/src/Illuminate/Routing/Router.php(753): Illuminate/Routing/Router->dispatchToRoute(Object(Illuminate/Http/Request))
#36 C:/Users/Hp/Downloads/ecd-app-full/ecd-app-full/vendor/laravel/framework/src/Illuminate/Foundation/Http/Kernel.php(200): Illuminate/Routing/Router->dispatch(Object(Illuminate/Http/Request))
#37 C:/Users/Hp/Downloads/ecd-app-full/ecd-app-full/vendor/laravel/framework/src/Illuminate/Pipeline/Pipeline.php(180): Illuminate/Foundation/Http/Kernel->{closure:Illuminate/Foundation/Http/Kernel::dispatchToRouter():197}(Object(Illuminate/Http/Request))
#38 C:/Users/Hp/Downloads/ecd-app-full/ecd-app-full/vendor/laravel/framework/src/Illuminate/Foundation/Http/Middleware/TransformsRequest.php(21): Illuminate/Pipeline/Pipeline->{closure:Illuminate/Pipeline/Pipeline::prepareDestination():178}(Object(Illuminate/Http/Request))
#39 C:/Users/Hp/Downloads/ecd-app-full/ecd-app-full/vendor/laravel/framework/src/Illuminate/Foundation/Http/Middleware/ConvertEmptyStringsToNull.php(31): Illuminate/Foundation/Http/Middleware/TransformsRequest->handle(Object(Illuminate/Http/Request), Object(Closure))
#40 C:/Users/Hp/Downloads/ecd-app-full/ecd-app-full/vendor/laravel/framework/src/Illuminate/Pipeline/Pipeline.php(219): Illuminate/Foundation/Http/Middleware/ConvertEmptyStringsToNull->handle(Object(Illuminate/Http/Request), Object(Closure))
#41 C:/Users/Hp/Downloads/ecd-app-full/ecd-app-full/vendor/laravel/framework/src/Illuminate/Foundation/Http/Middleware/TransformsRequest.php(21): Illuminate/Pipeline/Pipeline->{closure:{closure:Illuminate/Pipeline/Pipeline::carry():194}:195}(Object(Illuminate/Http/Request))
#42 C:/Users/Hp/Downloads/ecd-app-full/ecd-app-full/vendor/laravel/framework/src/Illuminate/Foundation/Http/Middleware/TrimStrings.php(51): Illuminate/Foundation/Http/Middleware/TransformsRequest->handle(Object(Illuminate/Http/Request), Object(Closure))
#43 C:/Users/Hp/Downloads/ecd-app-full/ecd-app-full/vendor/laravel/framework/src/Illuminate/Pipeline/Pipeline.php(219): Illuminate/Foundation/Http/Middleware/TrimStrings->handle(Object(Illuminate/Http/Request), Object(Closure))
#44 C:/Users/Hp/Downloads/ecd-app-full/ecd-app-full/vendor/laravel/framework/src/Illuminate/Http/Middleware/ValidatePostSize.php(27): Illuminate/Pipeline/Pipeline->{closure:{closure:Illuminate/Pipeline/Pipeline::carry():194}:195}(Object(Illuminate/Http/Request))
#45 C:/Users/Hp/Downloads/ecd-app-full/ecd-app-full/vendor/laravel/framework/src/Illuminate/Pipeline/Pipeline.php(219): Illuminate/Http/Middleware/ValidatePostSize->handle(Object(Illuminate/Http/Request), Object(Closure))
#46 C:/Users/Hp/Downloads/ecd-app-full/ecd-app-full/vendor/laravel/framework/src/Illuminate/Foundation/Http/Middleware/PreventRequestsDuringMaintenance.php(110): Illuminate/Pipeline/Pipeline->{closure:{closure:Illuminate/Pipeline/Pipeline::carry():194}:195}(Object(Illuminate/Http/Request))
#47 C:/Users/Hp/Downloads/ecd-app-full/ecd-app-full/vendor/laravel/framework/src/Illuminate/Pipeline/Pipeline.php(219): Illuminate/Foundation/Http/Middleware/PreventRequestsDuringMaintenance->handle(Object(Illuminate/Http/Request), Object(Closure))
#48 C:/Users/Hp/Downloads/ecd-app-full/ecd-app-full/vendor/laravel/framework/src/Illuminate/Http/Middleware/HandleCors.php(74): Illuminate/Pipeline/Pipeline->{closure:{closure:Illuminate/Pipeline/Pipeline::carry():194}:195}(Object(Illuminate/Http/Request))
#49 C:/Users/Hp/Downloads/ecd-app-full/ecd-app-full/vendor/laravel/framework/src/Illuminate/Pipeline/Pipeline.php(219): Illuminate/Http/Middleware/HandleCors->handle(Object(Illuminate/Http/Request), Object(Closure))
#50 C:/Users/Hp/Downloads/ecd-app-full/ecd-app-full/vendor/laravel/framework/src/Illuminate/Http/Middleware/TrustProxies.php(58): Illuminate/Pipeline/Pipeline->{closure:{closure:Illuminate/Pipeline/Pipeline::carry():194}:195}(Object(Illuminate/Http/Request))
#51 C:/Users/Hp/Downloads/ecd-app-full/ecd-app-full/vendor/laravel/framework/src/Illuminate/Pipeline/Pipeline.php(219): Illuminate/Http/Middleware/TrustProxies->handle(Object(Illuminate/Http/Request), Object(Closure))
#52 C:/Users/Hp/Downloads/ecd-app-full/ecd-app-full/vendor/laravel/framework/src/Illuminate/Foundation/Http/Middleware/InvokeDeferredCallbacks.php(22): Illuminate/Pipeline/Pipeline->{closure:{closure:Illuminate/Pipeline/Pipeline::carry():194}:195}(Object(Illuminate/Http/Request))
#53 C:/Users/Hp/Downloads/ecd-app-full/ecd-app-full/vendor/laravel/framework/src/Illuminate/Pipeline/Pipeline.php(219): Illuminate/Foundation/Http/Middleware/InvokeDeferredCallbacks->handle(Object(Illuminate/Http/Request), Object(Closure))
#54 C:/Users/Hp/Downloads/ecd-app-full/ecd-app-full/vendor/laravel/framework/src/Illuminate/Http/Middleware/ValidatePathEncoding.php(28): Illuminate/Pipeline/Pipeline->{closure:{closure:Illuminate/Pipeline/Pipeline::carry():194}:195}(Object(Illuminate/Http/Request))
#55 C:/Users/Hp/Downloads/ecd-app-full/ecd-app-full/vendor/laravel/framework/src/Illuminate/Pipeline/Pipeline.php(219): Illuminate/Http/Middleware/ValidatePathEncoding->handle(Object(Illuminate/Http/Request), Object(Closure))
#56 C:/Users/Hp/Downloads/ecd-app-full/ecd-app-full/vendor/laravel/framework/src/Illuminate/Pipeline/Pipeline.php(137): Illuminate/Pipeline/Pipeline->{closure:{closure:Illuminate/Pipeline/Pipeline::carry():194}:195}(Object(Illuminate/Http/Request))
#57 C:/Users/Hp/Downloads/ecd-app-full/ecd-app-full/vendor/laravel/framework/src/Illuminate/Foundation/Http/Kernel.php(175): Illuminate/Pipeline/Pipeline->then(Object(Closure))
#58 C:/Users/Hp/Downloads/ecd-app-full/ecd-app-full/vendor/laravel/framework/src/Illuminate/Foundation/Http/Kernel.php(144): Illuminate/Foundation/Http/Kernel->sendRequestThroughRouter(Object(Illuminate/Http/Request))
#59 C:/Users/Hp/Downloads/ecd-app-full/ecd-app-full/vendor/laravel/framework/src/Illuminate/Foundation/Application.php(1227): Illuminate/Foundation/Http/Kernel->handle(Object(Illuminate/Http/Request))
#60 C:/Users/Hp/Downloads/ecd-app-full/ecd-app-full/public/index.php(20): Illuminate/Foundation/Application->handleRequest(Object(Illuminate/Http/Request))
#61 C:/Users/Hp/Downloads/ecd-app-full/ecd-app-full/vendor/laravel/framework/src/Illuminate/Foundation/resources/server.php(23): require_once('C://Users//Hp//Dow...')
#62 {main}
"} 
[2026-08-31 11:05:45] local.ERROR: cURL error 60: SSL certificate OpenSSL verify result: unable to get local issuer certificate (20) (see https://curl.se/libcurl/c/libcurl-errors.html) for https://www.googleapis.com/oauth2/v3/userinfo {"exception":"[object] (Illuminate\\Http\\Client\\ConnectionException(code: 0): cURL error 60: SSL certificate OpenSSL verify result: unable to get local issuer certificate (20) (see https://curl.se/libcurl/c/libcurl-errors.html) for https://www.googleapis.com/oauth2/v3/userinfo at C:/Users/Hp/Downloads/ecd-app-full/ecd-app-full/vendor/laravel/framework/src/Illuminate/Http/Client/PendingRequest.php:2085)
[stacktrace]
#0 C:/Users/Hp/Downloads/ecd-app-full/ecd-app-full/vendor/laravel/framework/src/Illuminate/Http/Client/PendingRequest.php(1117): Illuminate/Http/Client/PendingRequest->marshalTransportException(Object(GuzzleHttp/Exception/ConnectException))
#1 C:/Users/Hp/Downloads/ecd-app-full/ecd-app-full/vendor/laravel/framework/src/Illuminate/Support/helpers.php(328): Illuminate/Http/Client/PendingRequest->{closure:Illuminate/Http/Client/PendingRequest::send():1075}(1)
#2 C:/Users/Hp/Downloads/ecd-app-full/ecd-app-full/vendor/laravel/framework/src/Illuminate/Http/Client/PendingRequest.php(1075): retry(0, Object(Closure), 100, Object(Closure))
#3 C:/Users/Hp/Downloads/ecd-app-full/ecd-app-full/vendor/laravel/framework/src/Illuminate/Http/Client/PendingRequest.php(865): Illuminate/Http/Client/PendingRequest->send('GET', 'https://www.goo...', Array)
#4 C:/Users/Hp/Downloads/ecd-app-full/ecd-app-full/app/Services/GoogleTokenVerifier.php(17): Illuminate/Http/Client/PendingRequest->get('https://www.goo...')
#5 C:/Users/Hp/Downloads/ecd-app-full/ecd-app-full/app/Http/Controllers/Api/GoogleAuthController.php(22): App/Services/GoogleTokenVerifier->verify('google_access_t...')
#6 C:/Users/Hp/Downloads/ecd-app-full/ecd-app-full/vendor/laravel/framework/src/Illuminate/Routing/ControllerDispatcher.php(46): App/Http/Controllers/Api/GoogleAuthController->login(Object(App/Http/Requests/GoogleLoginRequest))
#7 C:/Users/Hp/Downloads/ecd-app-full/ecd-app-full/vendor/laravel/framework/src/Illuminate/Routing/Route.php(276): Illuminate/Routing/ControllerDispatcher->dispatch(Object(Illuminate/Routing/Route), Object(App/Http/Controllers/Api/GoogleAuthController), 'login')
#8 C:/Users/Hp/Downloads/ecd-app-full/ecd-app-full/vendor/laravel/framework/src/Illuminate/Routing/Route.php(216): Illuminate/Routing/Route->runController()
#9 C:/Users/Hp/Downloads/ecd-app-full/ecd-app-full/vendor/laravel/framework/src/Illuminate/Routing/Router.php(822): Illuminate/Routing/Route->run()
#10 C:/Users/Hp/Downloads/ecd-app-full/ecd-app-full/vendor/laravel/framework/src/Illuminate/Pipeline/Pipeline.php(180): Illuminate/Routing/Router->{closure:Illuminate/Routing/Router::runRouteWithinStack():821}(Object(Illuminate/Http/Request))
#11 C:/Users/Hp/Downloads/ecd-app-full/ecd-app-full/vendor/laravel/framework/src/Illuminate/Routing/Middleware/SubstituteBindings.php(52): Illuminate/Pipeline/Pipeline->{closure:Illuminate/Pipeline/Pipeline::prepareDestination():178}(Object(Illuminate/Http/Request))
#12 C:/Users/Hp/Downloads/ecd-app-full/ecd-app-full/vendor/laravel/framework/src/Illuminate/Pipeline/Pipeline.php(219): Illuminate/Routing/Middleware/SubstituteBindings->handle(Object(Illuminate/Http/Request), Object(Closure))
#13 C:/Users/Hp/Downloads/ecd-app-full/ecd-app-full/vendor/laravel/framework/src/Illuminate/Pipeline/Pipeline.php(137): Illuminate/Pipeline/Pipeline->{closure:{closure:Illuminate/Pipeline/Pipeline::carry():194}:195}(Object(Illuminate/Http/Request))
#14 C:/Users/Hp/Downloads/ecd-app-full/ecd-app-full/vendor/laravel/framework/src/Illuminate/Routing/Router.php(821): Illuminate/Pipeline/Pipeline->then(Object(Closure))
#15 C:/Users/Hp/Downloads/ecd-app-full/ecd-app-full/vendor/laravel/framework/src/Illuminate/Routing/Router.php(800): Illuminate/Routing/Router->runRouteWithinStack(Object(Illuminate/Routing/Route), Object(Illuminate/Http/Request))
#16 C:/Users/Hp/Downloads/ecd-app-full/ecd-app-full/vendor/laravel/framework/src/Illuminate/Routing/Router.php(764): Illuminate/Routing/Router->runRoute(Object(Illuminate/Http/Request), Object(Illuminate/Routing/Route))
#17 C:/Users/Hp/Downloads/ecd-app-full/ecd-app-full/vendor/laravel/framework/src/Illuminate/Routing/Router.php(753): Illuminate/Routing/Router->dispatchToRoute(Object(Illuminate/Http/Request))
#18 C:/Users/Hp/Downloads/ecd-app-full/ecd-app-full/vendor/laravel/framework/src/Illuminate/Foundation/Http/Kernel.php(200): Illuminate/Routing/Router->dispatch(Object(Illuminate/Http/Request))
#19 C:/Users/Hp/Downloads/ecd-app-full/ecd-app-full/vendor/laravel/framework/src/Illuminate/Pipeline/Pipeline.php(180): Illuminate/Foundation/Http/Kernel->{closure:Illuminate/Foundation/Http/Kernel::dispatchToRouter():197}(Object(Illuminate/Http/Request))
#20 C:/Users/Hp/Downloads/ecd-app-full/ecd-app-full/vendor/laravel/framework/src/Illuminate/Foundation/Http/Middleware/TransformsRequest.php(21): Illuminate/Pipeline/Pipeline->{closure:Illuminate/Pipeline/Pipeline::prepareDestination():178}(Object(Illuminate/Http/Request))
#21 C:/Users/Hp/Downloads/ecd-app-full/ecd-app-full/vendor/laravel/framework/src/Illuminate/Foundation/Http/Middleware/ConvertEmptyStringsToNull.php(31): Illuminate/Foundation/Http/Middleware/TransformsRequest->handle(Object(Illuminate/Http/Request), Object(Closure))
#22 C:/Users/Hp/Downloads/ecd-app-full/ecd-app-full/vendor/laravel/framework/src/Illuminate/Pipeline/Pipeline.php(219): Illuminate/Foundation/Http/Middleware/ConvertEmptyStringsToNull->handle(Object(Illuminate/Http/Request), Object(Closure))
#23 C:/Users/Hp/Downloads/ecd-app-full/ecd-app-full/vendor/laravel/framework/src/Illuminate/Foundation/Http/Middleware/TransformsRequest.php(21): Illuminate/Pipeline/Pipeline->{closure:{closure:Illuminate/Pipeline/Pipeline::carry():194}:195}(Object(Illuminate/Http/Request))
#24 C:/Users/Hp/Downloads/ecd-app-full/ecd-app-full/vendor/laravel/framework/src/Illuminate/Foundation/Http/Middleware/TrimStrings.php(51): Illuminate/Foundation/Http/Middleware/TransformsRequest->handle(Object(Illuminate/Http/Request), Object(Closure))
#25 C:/Users/Hp/Downloads/ecd-app-full/ecd-app-full/vendor/laravel/framework/src/Illuminate/Pipeline/Pipeline.php(219): Illuminate/Foundation/Http/Middleware/TrimStrings->handle(Object(Illuminate/Http/Request), Object(Closure))
#26 C:/Users/Hp/Downloads/ecd-app-full/ecd-app-full/vendor/laravel/framework/src/Illuminate/Http/Middleware/ValidatePostSize.php(27): Illuminate/Pipeline/Pipeline->{closure:{closure:Illuminate/Pipeline/Pipeline::carry():194}:195}(Object(Illuminate/Http/Request))
#27 C:/Users/Hp/Downloads/ecd-app-full/ecd-app-full/vendor/laravel/framework/src/Illuminate/Pipeline/Pipeline.php(219): Illuminate/Http/Middleware/ValidatePostSize->handle(Object(Illuminate/Http/Request), Object(Closure))
#28 C:/Users/Hp/Downloads/ecd-app-full/ecd-app-full/vendor/laravel/framework/src/Illuminate/Foundation/Http/Middleware/PreventRequestsDuringMaintenance.php(110): Illuminate/Pipeline/Pipeline->{closure:{closure:Illuminate/Pipeline/Pipeline::carry():194}:195}(Object(Illuminate/Http/Request))
#29 C:/Users/Hp/Downloads/ecd-app-full/ecd-app-full/vendor/laravel/framework/src/Illuminate/Pipeline/Pipeline.php(219): Illuminate/Foundation/Http/Middleware/PreventRequestsDuringMaintenance->handle(Object(Illuminate/Http/Request), Object(Closure))
#30 C:/Users/Hp/Downloads/ecd-app-full/ecd-app-full/vendor/laravel/framework/src/Illuminate/Http/Middleware/HandleCors.php(74): Illuminate/Pipeline/Pipeline->{closure:{closure:Illuminate/Pipeline/Pipeline::carry():194}:195}(Object(Illuminate/Http/Request))
#31 C:/Users/Hp/Downloads/ecd-app-full/ecd-app-full/vendor/laravel/framework/src/Illuminate/Pipeline/Pipeline.php(219): Illuminate/Http/Middleware/HandleCors->handle(Object(Illuminate/Http/Request), Object(Closure))
#32 C:/Users/Hp/Downloads/ecd-app-full/ecd-app-full/vendor/laravel/framework/src/Illuminate/Http/Middleware/TrustProxies.php(58): Illuminate/Pipeline/Pipeline->{closure:{closure:Illuminate/Pipeline/Pipeline::carry():194}:195}(Object(Illuminate/Http/Request))
#33 C:/Users/Hp/Downloads/ecd-app-full/ecd-app-full/vendor/laravel/framework/src/Illuminate/Pipeline/Pipeline.php(219): Illuminate/Http/Middleware/TrustProxies->handle(Object(Illuminate/Http/Request), Object(Closure))
#34 C:/Users/Hp/Downloads/ecd-app-full/ecd-app-full/vendor/laravel/framework/src/Illuminate/Foundation/Http/Middleware/InvokeDeferredCallbacks.php(22): Illuminate/Pipeline/Pipeline->{closure:{closure:Illuminate/Pipeline/Pipeline::carry():194}:195}(Object(Illuminate/Http/Request))
#35 C:/Users/Hp/Downloads/ecd-app-full/ecd-app-full/vendor/laravel/framework/src/Illuminate/Pipeline/Pipeline.php(219): Illuminate/Foundation/Http/Middleware/InvokeDeferredCallbacks->handle(Object(Illuminate/Http/Request), Object(Closure))
#36 C:/Users/Hp/Downloads/ecd-app-full/ecd-app-full/vendor/laravel/framework/src/Illuminate/Http/Middleware/ValidatePathEncoding.php(28): Illuminate/Pipeline/Pipeline->{closure:{closure:Illuminate/Pipeline/Pipeline::carry():194}:195}(Object(Illuminate/Http/Request))
#37 C:/Users/Hp/Downloads/ecd-app-full/ecd-app-full/vendor/laravel/framework/src/Illuminate/Pipeline/Pipeline.php(219): Illuminate/Http/Middleware/ValidatePathEncoding->handle(Object(Illuminate/Http/Request), Object(Closure))
#38 C:/Users/Hp/Downloads/ecd-app-full/ecd-app-full/vendor/laravel/framework/src/Illuminate/Pipeline/Pipeline.php(137): Illuminate/Pipeline/Pipeline->{closure:{closure:Illuminate/Pipeline/Pipeline::carry():194}:195}(Object(Illuminate/Http/Request))
#39 C:/Users/Hp/Downloads/ecd-app-full/ecd-app-full/vendor/laravel/framework/src/Illuminate/Foundation/Http/Kernel.php(175): Illuminate/Pipeline/Pipeline->then(Object(Closure))
#40 C:/Users/Hp/Downloads/ecd-app-full/ecd-app-full/vendor/laravel/framework/src/Illuminate/Foundation/Http/Kernel.php(144): Illuminate/Foundation/Http/Kernel->sendRequestThroughRouter(Object(Illuminate/Http/Request))
#41 C:/Users/Hp/Downloads/ecd-app-full/ecd-app-full/vendor/laravel/framework/src/Illuminate/Foundation/Application.php(1227): Illuminate/Foundation/Http/Kernel->handle(Object(Illuminate/Http/Request))
#42 C:/Users/Hp/Downloads/ecd-app-full/ecd-app-full/public/index.php(20): Illuminate/Foundation/Application->handleRequest(Object(Illuminate/Http/Request))
#43 C:/Users/Hp/Downloads/ecd-app-full/ecd-app-full/vendor/laravel/framework/src/Illuminate/Foundation/resources/server.php(23): require_once('C://Users//Hp//Dow...')
#44 {main}

[previous exception] [object] (GuzzleHttp\\Exception\\ConnectException(code: 0): cURL error 60: SSL certificate OpenSSL verify result: unable to get local issuer certificate (20) (see https://curl.se/libcurl/c/libcurl-errors.html) for https://www.googleapis.com/oauth2/v3/userinfo at C:/Users/Hp/Downloads/ecd-app-full/ecd-app-full/vendor/guzzlehttp/guzzle/src/Handler/CurlFactory.php:1432)
[stacktrace]
#0 C:/Users/Hp/Downloads/ecd-app-full/ecd-app-full/vendor/guzzlehttp/guzzle/src/Handler/CurlFactory.php(1205): GuzzleHttp/Handler/CurlFactory::createRejection(Object(SensitiveParameterValue), Object(SensitiveParameterValue))
#1 C:/Users/Hp/Downloads/ecd-app-full/ecd-app-full/vendor/guzzlehttp/guzzle/src/Handler/CurlFactory.php(1049): GuzzleHttp/Handler/CurlFactory::finishError(Object(GuzzleHttp/Handler/CurlHandler), Object(SensitiveParameterValue), Object(GuzzleHttp/Handler/CurlFactory), Object(GuzzleHttp/TransferStats), Object(Closure))
#2 C:/Users/Hp/Downloads/ecd-app-full/ecd-app-full/vendor/guzzlehttp/guzzle/src/Handler/CurlHandler.php(104): GuzzleHttp/Handler/CurlFactory::finish(Object(GuzzleHttp/Handler/CurlHandler), Object(SensitiveParameterValue), Object(GuzzleHttp/Handler/CurlFactory))
#3 C:/Users/Hp/Downloads/ecd-app-full/ecd-app-full/vendor/guzzlehttp/guzzle/src/Handler/Proxy.php(38): GuzzleHttp/Handler/CurlHandler->__invoke(Object(SensitiveParameterValue), Object(SensitiveParameterValue))
#4 C:/Users/Hp/Downloads/ecd-app-full/ecd-app-full/vendor/guzzlehttp/guzzle/src/Handler/Proxy.php(63): GuzzleHttp/Handler/Proxy::{closure:GuzzleHttp/Handler/Proxy::wrapSync():32}(Object(SensitiveParameterValue), Object(SensitiveParameterValue))
#5 C:/Users/Hp/Downloads/ecd-app-full/ecd-app-full/vendor/laravel/framework/src/Illuminate/Http/Client/PendingRequest.php(1788): GuzzleHttp/Handler/Proxy::{closure:GuzzleHttp/Handler/Proxy::wrapStreaming():57}(Object(SensitiveParameterValue), Object(SensitiveParameterValue))
#6 C:/Users/Hp/Downloads/ecd-app-full/ecd-app-full/vendor/laravel/framework/src/Illuminate/Http/Client/PendingRequest.php(1745): Illuminate/Http/Client/PendingRequest->{closure:{closure:Illuminate/Http/Client/PendingRequest::buildStubHandler():1770}:1771}(Object(GuzzleHttp/Psr7/Request), Array)
#7 C:/Users/Hp/Downloads/ecd-app-full/ecd-app-full/vendor/laravel/framework/src/Illuminate/Http/Client/PendingRequest.php(1731): Illuminate/Http/Client/PendingRequest->{closure:{closure:Illuminate/Http/Client/PendingRequest::buildRecorderHandler():1743}:1744}(Object(GuzzleHttp/Psr7/Request), Array)
#8 C:/Users/Hp/Downloads/ecd-app-full/ecd-app-full/vendor/guzzlehttp/guzzle/src/PrepareBodyMiddleware.php(49): Illuminate/Http/Client/PendingRequest->{closure:{closure:Illuminate/Http/Client/PendingRequest::buildBeforeSendingHandler():1729}:1730}(Object(GuzzleHttp/Psr7/Request), Array)
#9 C:/Users/Hp/Downloads/ecd-app-full/ecd-app-full/vendor/guzzlehttp/guzzle/src/Middleware.php(65): GuzzleHttp/PrepareBodyMiddleware->__invoke(Object(SensitiveParameterValue), Object(SensitiveParameterValue))
#10 C:/Users/Hp/Downloads/ecd-app-full/ecd-app-full/vendor/guzzlehttp/guzzle/src/AuthMiddleware.php(100): GuzzleHttp/Middleware::{closure:{closure:GuzzleHttp/Middleware::cookies():50}:51}(Object(SensitiveParameterValue), Object(SensitiveParameterValue))
#11 C:/Users/Hp/Downloads/ecd-app-full/ecd-app-full/vendor/guzzlehttp/guzzle/src/RedirectMiddleware.php(88): GuzzleHttp/AuthMiddleware->__invoke(Object(SensitiveParameterValue), Object(SensitiveParameterValue))
#12 C:/Users/Hp/Downloads/ecd-app-full/ecd-app-full/vendor/guzzlehttp/guzzle/src/Middleware.php(98): GuzzleHttp/RedirectMiddleware->__invoke(Object(SensitiveParameterValue), Object(SensitiveParameterValue))
#13 C:/Users/Hp/Downloads/ecd-app-full/ecd-app-full/vendor/guzzlehttp/guzzle/src/HandlerStack.php(89): GuzzleHttp/Middleware::{closure:{closure:GuzzleHttp/Middleware::httpErrors():90}:91}(Object(SensitiveParameterValue), Object(SensitiveParameterValue))
#14 C:/Users/Hp/Downloads/ecd-app-full/ecd-app-full/vendor/guzzlehttp/guzzle/src/Client.php(1514): GuzzleHttp/HandlerStack->__invoke(Object(SensitiveParameterValue), Object(SensitiveParameterValue))
#15 C:/Users/Hp/Downloads/ecd-app-full/ecd-app-full/vendor/guzzlehttp/guzzle/src/Client.php(561): GuzzleHttp/Client->transfer(Object(SensitiveParameterValue), Object(SensitiveParameterValue))
#16 C:/Users/Hp/Downloads/ecd-app-full/ecd-app-full/vendor/guzzlehttp/guzzle/src/Client.php(658): GuzzleHttp/Client->requestAsync('GET', Object(GuzzleHttp/Psr7/Uri), Object(SensitiveParameterValue))
#17 C:/Users/Hp/Downloads/ecd-app-full/ecd-app-full/vendor/laravel/framework/src/Illuminate/Http/Client/PendingRequest.php(1361): GuzzleHttp/Client->request('GET', 'https://www.goo...', Object(SensitiveParameterValue))
#18 C:/Users/Hp/Downloads/ecd-app-full/ecd-app-full/vendor/laravel/framework/src/Illuminate/Http/Client/PendingRequest.php(1077): Illuminate/Http/Client/PendingRequest->sendRequest('GET', 'https://www.goo...', Array)
#19 C:/Users/Hp/Downloads/ecd-app-full/ecd-app-full/vendor/laravel/framework/src/Illuminate/Support/helpers.php(328): Illuminate/Http/Client/PendingRequest->{closure:Illuminate/Http/Client/PendingRequest::send():1075}(1)
#20 C:/Users/Hp/Downloads/ecd-app-full/ecd-app-full/vendor/laravel/framework/src/Illuminate/Http/Client/PendingRequest.php(1075): retry(0, Object(Closure), 100, Object(Closure))
#21 C:/Users/Hp/Downloads/ecd-app-full/ecd-app-full/vendor/laravel/framework/src/Illuminate/Http/Client/PendingRequest.php(865): Illuminate/Http/Client/PendingRequest->send('GET', 'https://www.goo...', Array)
#22 C:/Users/Hp/Downloads/ecd-app-full/ecd-app-full/app/Services/GoogleTokenVerifier.php(17): Illuminate/Http/Client/PendingRequest->get('https://www.goo...')
#23 C:/Users/Hp/Downloads/ecd-app-full/ecd-app-full/app/Http/Controllers/Api/GoogleAuthController.php(22): App/Services/GoogleTokenVerifier->verify('google_access_t...')
#24 C:/Users/Hp/Downloads/ecd-app-full/ecd-app-full/vendor/laravel/framework/src/Illuminate/Routing/ControllerDispatcher.php(46): App/Http/Controllers/Api/GoogleAuthController->login(Object(App/Http/Requests/GoogleLoginRequest))
#25 C:/Users/Hp/Downloads/ecd-app-full/ecd-app-full/vendor/laravel/framework/src/Illuminate/Routing/Route.php(276): Illuminate/Routing/ControllerDispatcher->dispatch(Object(Illuminate/Routing/Route), Object(App/Http/Controllers/Api/GoogleAuthController), 'login')
#26 C:/Users/Hp/Downloads/ecd-app-full/ecd-app-full/vendor/laravel/framework/src/Illuminate/Routing/Route.php(216): Illuminate/Routing/Route->runController()
#27 C:/Users/Hp/Downloads/ecd-app-full/ecd-app-full/vendor/laravel/framework/src/Illuminate/Routing/Router.php(822): Illuminate/Routing/Route->run()
#28 C:/Users/Hp/Downloads/ecd-app-full/ecd-app-full/vendor/laravel/framework/src/Illuminate/Pipeline/Pipeline.php(180): Illuminate/Routing/Router->{closure:Illuminate/Routing/Router::runRouteWithinStack():821}(Object(Illuminate/Http/Request))
#29 C:/Users/Hp/Downloads/ecd-app-full/ecd-app-full/vendor/laravel/framework/src/Illuminate/Routing/Middleware/SubstituteBindings.php(52): Illuminate/Pipeline/Pipeline->{closure:Illuminate/Pipeline/Pipeline::prepareDestination():178}(Object(Illuminate/Http/Request))
#30 C:/Users/Hp/Downloads/ecd-app-full/ecd-app-full/vendor/laravel/framework/src/Illuminate/Pipeline/Pipeline.php(219): Illuminate/Routing/Middleware/SubstituteBindings->handle(Object(Illuminate/Http/Request), Object(Closure))
#31 C:/Users/Hp/Downloads/ecd-app-full/ecd-app-full/vendor/laravel/framework/src/Illuminate/Pipeline/Pipeline.php(137): Illuminate/Pipeline/Pipeline->{closure:{closure:Illuminate/Pipeline/Pipeline::carry():194}:195}(Object(Illuminate/Http/Request))
#32 C:/Users/Hp/Downloads/ecd-app-full/ecd-app-full/vendor/laravel/framework/src/Illuminate/Routing/Router.php(821): Illuminate/Pipeline/Pipeline->then(Object(Closure))
#33 C:/Users/Hp/Downloads/ecd-app-full/ecd-app-full/vendor/laravel/framework/src/Illuminate/Routing/Router.php(800): Illuminate/Routing/Router->runRouteWithinStack(Object(Illuminate/Routing/Route), Object(Illuminate/Http/Request))
#34 C:/Users/Hp/Downloads/ecd-app-full/ecd-app-full/vendor/laravel/framework/src/Illuminate/Routing/Router.php(764): Illuminate/Routing/Router->runRoute(Object(Illuminate/Http/Request), Object(Illuminate/Routing/Route))
#35 C:/Users/Hp/Downloads/ecd-app-full/ecd-app-full/vendor/laravel/framework/src/Illuminate/Routing/Router.php(753): Illuminate/Routing/Router->dispatchToRoute(Object(Illuminate/Http/Request))
#36 C:/Users/Hp/Downloads/ecd-app-full/ecd-app-full/vendor/laravel/framework/src/Illuminate/Foundation/Http/Kernel.php(200): Illuminate/Routing/Router->dispatch(Object(Illuminate/Http/Request))
#37 C:/Users/Hp/Downloads/ecd-app-full/ecd-app-full/vendor/laravel/framework/src/Illuminate/Pipeline/Pipeline.php(180): Illuminate/Foundation/Http/Kernel->{closure:Illuminate/Foundation/Http/Kernel::dispatchToRouter():197}(Object(Illuminate/Http/Request))
#38 C:/Users/Hp/Downloads/ecd-app-full/ecd-app-full/vendor/laravel/framework/src/Illuminate/Foundation/Http/Middleware/TransformsRequest.php(21): Illuminate/Pipeline/Pipeline->{closure:Illuminate/Pipeline/Pipeline::prepareDestination():178}(Object(Illuminate/Http/Request))
#39 C:/Users/Hp/Downloads/ecd-app-full/ecd-app-full/vendor/laravel/framework/src/Illuminate/Foundation/Http/Middleware/ConvertEmptyStringsToNull.php(31): Illuminate/Foundation/Http/Middleware/TransformsRequest->handle(Object(Illuminate/Http/Request), Object(Closure))
#40 C:/Users/Hp/Downloads/ecd-app-full/ecd-app-full/vendor/laravel/framework/src/Illuminate/Pipeline/Pipeline.php(219): Illuminate/Foundation/Http/Middleware/ConvertEmptyStringsToNull->handle(Object(Illuminate/Http/Request), Object(Closure))
#41 C:/Users/Hp/Downloads/ecd-app-full/ecd-app-full/vendor/laravel/framework/src/Illuminate/Foundation/Http/Middleware/TransformsRequest.php(21): Illuminate/Pipeline/Pipeline->{closure:{closure:Illuminate/Pipeline/Pipeline::carry():194}:195}(Object(Illuminate/Http/Request))
#42 C:/Users/Hp/Downloads/ecd-app-full/ecd-app-full/vendor/laravel/framework/src/Illuminate/Foundation/Http/Middleware/TrimStrings.php(51): Illuminate/Foundation/Http/Middleware/TransformsRequest->handle(Object(Illuminate/Http/Request), Object(Closure))
#43 C:/Users/Hp/Downloads/ecd-app-full/ecd-app-full/vendor/laravel/framework/src/Illuminate/Pipeline/Pipeline.php(219): Illuminate/Foundation/Http/Middleware/TrimStrings->handle(Object(Illuminate/Http/Request), Object(Closure))
#44 C:/Users/Hp/Downloads/ecd-app-full/ecd-app-full/vendor/laravel/framework/src/Illuminate/Http/Middleware/ValidatePostSize.php(27): Illuminate/Pipeline/Pipeline->{closure:{closure:Illuminate/Pipeline/Pipeline::carry():194}:195}(Object(Illuminate/Http/Request))
#45 C:/Users/Hp/Downloads/ecd-app-full/ecd-app-full/vendor/laravel/framework/src/Illuminate/Pipeline/Pipeline.php(219): Illuminate/Http/Middleware/ValidatePostSize->handle(Object(Illuminate/Http/Request), Object(Closure))
#46 C:/Users/Hp/Downloads/ecd-app-full/ecd-app-full/vendor/laravel/framework/src/Illuminate/Foundation/Http/Middleware/PreventRequestsDuringMaintenance.php(110): Illuminate/Pipeline/Pipeline->{closure:{closure:Illuminate/Pipeline/Pipeline::carry():194}:195}(Object(Illuminate/Http/Request))
#47 C:/Users/Hp/Downloads/ecd-app-full/ecd-app-full/vendor/laravel/framework/src/Illuminate/Pipeline/Pipeline.php(219): Illuminate/Foundation/Http/Middleware/PreventRequestsDuringMaintenance->handle(Object(Illuminate/Http/Request), Object(Closure))
#48 C:/Users/Hp/Downloads/ecd-app-full/ecd-app-full/vendor/laravel/framework/src/Illuminate/Http/Middleware/HandleCors.php(74): Illuminate/Pipeline/Pipeline->{closure:{closure:Illuminate/Pipeline/Pipeline::carry():194}:195}(Object(Illuminate/Http/Request))
#49 C:/Users/Hp/Downloads/ecd-app-full/ecd-app-full/vendor/laravel/framework/src/Illuminate/Pipeline/Pipeline.php(219): Illuminate/Http/Middleware/HandleCors->handle(Object(Illuminate/Http/Request), Object(Closure))
#50 C:/Users/Hp/Downloads/ecd-app-full/ecd-app-full/vendor/laravel/framework/src/Illuminate/Http/Middleware/TrustProxies.php(58): Illuminate/Pipeline/Pipeline->{closure:{closure:Illuminate/Pipeline/Pipeline::carry():194}:195}(Object(Illuminate/Http/Request))
#51 C:/Users/Hp/Downloads/ecd-app-full/ecd-app-full/vendor/laravel/framework/src/Illuminate/Pipeline/Pipeline.php(219): Illuminate/Http/Middleware/TrustProxies->handle(Object(Illuminate/Http/Request), Object(Closure))
#52 C:/Users/Hp/Downloads/ecd-app-full/ecd-app-full/vendor/laravel/framework/src/Illuminate/Foundation/Http/Middleware/InvokeDeferredCallbacks.php(22): Illuminate/Pipeline/Pipeline->{closure:{closure:Illuminate/Pipeline/Pipeline::carry():194}:195}(Object(Illuminate/Http/Request))
#53 C:/Users/Hp/Downloads/ecd-app-full/ecd-app-full/vendor/laravel/framework/src/Illuminate/Pipeline/Pipeline.php(219): Illuminate/Foundation/Http/Middleware/InvokeDeferredCallbacks->handle(Object(Illuminate/Http/Request), Object(Closure))
#54 C:/Users/Hp/Downloads/ecd-app-full/ecd-app-full/vendor/laravel/framework/src/Illuminate/Http/Middleware/ValidatePathEncoding.php(28): Illuminate/Pipeline/Pipeline->{closure:{closure:Illuminate/Pipeline/Pipeline::carry():194}:195}(Object(Illuminate/Http/Request))
#55 C:/Users/Hp/Downloads/ecd-app-full/ecd-app-full/vendor/laravel/framework/src/Illuminate/Pipeline/Pipeline.php(219): Illuminate/Http/Middleware/ValidatePathEncoding->handle(Object(Illuminate/Http/Request), Object(Closure))
#56 C:/Users/Hp/Downloads/ecd-app-full/ecd-app-full/vendor/laravel/framework/src/Illuminate/Pipeline/Pipeline.php(137): Illuminate/Pipeline/Pipeline->{closure:{closure:Illuminate/Pipeline/Pipeline::carry():194}:195}(Object(Illuminate/Http/Request))
#57 C:/Users/Hp/Downloads/ecd-app-full/ecd-app-full/vendor/laravel/framework/src/Illuminate/Foundation/Http/Kernel.php(175): Illuminate/Pipeline/Pipeline->then(Object(Closure))
#58 C:/Users/Hp/Downloads/ecd-app-full/ecd-app-full/vendor/laravel/framework/src/Illuminate/Foundation/Http/Kernel.php(144): Illuminate/Foundation/Http/Kernel->sendRequestThroughRouter(Object(Illuminate/Http/Request))
#59 C:/Users/Hp/Downloads/ecd-app-full/ecd-app-full/vendor/laravel/framework/src/Illuminate/Foundation/Application.php(1227): Illuminate/Foundation/Http/Kernel->handle(Object(Illuminate/Http/Request))
#60 C:/Users/Hp/Downloads/ecd-app-full/ecd-app-full/public/index.php(20): Illuminate/Foundation/Application->handleRequest(Object(Illuminate/Http/Request))
#61 C:/Users/Hp/Downloads/ecd-app-full/ecd-app-full/vendor/laravel/framework/src/Illuminate/Foundation/resources/server.php(23): require_once('C://Users//Hp//Dow...')
#62 {main}
"} 
[2026-08-31 11:07:16] local.ERROR: cURL error 60: SSL certificate OpenSSL verify result: unable to get local issuer certificate (20) (see https://curl.se/libcurl/c/libcurl-errors.html) for https://www.googleapis.com/oauth2/v3/userinfo {"exception":"[object] (Illuminate\\Http\\Client\\ConnectionException(code: 0): cURL error 60: SSL certificate OpenSSL verify result: unable to get local issuer certificate (20) (see https://curl.se/libcurl/c/libcurl-errors.html) for https://www.googleapis.com/oauth2/v3/userinfo at C:/Users/Hp/Downloads/ecd-app-full/ecd-app-full/vendor/laravel/framework/src/Illuminate/Http/Client/PendingRequest.php:2085)
[stacktrace]
#0 C:/Users/Hp/Downloads/ecd-app-full/ecd-app-full/vendor/laravel/framework/src/Illuminate/Http/Client/PendingRequest.php(1117): Illuminate/Http/Client/PendingRequest->marshalTransportException(Object(GuzzleHttp/Exception/ConnectException))
#1 C:/Users/Hp/Downloads/ecd-app-full/ecd-app-full/vendor/laravel/framework/src/Illuminate/Support/helpers.php(328): Illuminate/Http/Client/PendingRequest->{closure:Illuminate/Http/Client/PendingRequest::send():1075}(1)
#2 C:/Users/Hp/Downloads/ecd-app-full/ecd-app-full/vendor/laravel/framework/src/Illuminate/Http/Client/PendingRequest.php(1075): retry(0, Object(Closure), 100, Object(Closure))
#3 C:/Users/Hp/Downloads/ecd-app-full/ecd-app-full/vendor/laravel/framework/src/Illuminate/Http/Client/PendingRequest.php(865): Illuminate/Http/Client/PendingRequest->send('GET', 'https://www.goo...', Array)
#4 C:/Users/Hp/Downloads/ecd-app-full/ecd-app-full/app/Services/GoogleTokenVerifier.php(17): Illuminate/Http/Client/PendingRequest->get('https://www.goo...')
#5 C:/Users/Hp/Downloads/ecd-app-full/ecd-app-full/app/Http/Controllers/Api/GoogleAuthController.php(22): App/Services/GoogleTokenVerifier->verify('google_access_t...')
#6 C:/Users/Hp/Downloads/ecd-app-full/ecd-app-full/vendor/laravel/framework/src/Illuminate/Routing/ControllerDispatcher.php(46): App/Http/Controllers/Api/GoogleAuthController->login(Object(App/Http/Requests/GoogleLoginRequest))
#7 C:/Users/Hp/Downloads/ecd-app-full/ecd-app-full/vendor/laravel/framework/src/Illuminate/Routing/Route.php(276): Illuminate/Routing/ControllerDispatcher->dispatch(Object(Illuminate/Routing/Route), Object(App/Http/Controllers/Api/GoogleAuthController), 'login')
#8 C:/Users/Hp/Downloads/ecd-app-full/ecd-app-full/vendor/laravel/framework/src/Illuminate/Routing/Route.php(216): Illuminate/Routing/Route->runController()
#9 C:/Users/Hp/Downloads/ecd-app-full/ecd-app-full/vendor/laravel/framework/src/Illuminate/Routing/Router.php(822): Illuminate/Routing/Route->run()
#10 C:/Users/Hp/Downloads/ecd-app-full/ecd-app-full/vendor/laravel/framework/src/Illuminate/Pipeline/Pipeline.php(180): Illuminate/Routing/Router->{closure:Illuminate/Routing/Router::runRouteWithinStack():821}(Object(Illuminate/Http/Request))
#11 C:/Users/Hp/Downloads/ecd-app-full/ecd-app-full/vendor/laravel/framework/src/Illuminate/Routing/Middleware/SubstituteBindings.php(52): Illuminate/Pipeline/Pipeline->{closure:Illuminate/Pipeline/Pipeline::prepareDestination():178}(Object(Illuminate/Http/Request))
#12 C:/Users/Hp/Downloads/ecd-app-full/ecd-app-full/vendor/laravel/framework/src/Illuminate/Pipeline/Pipeline.php(219): Illuminate/Routing/Middleware/SubstituteBindings->handle(Object(Illuminate/Http/Request), Object(Closure))
#13 C:/Users/Hp/Downloads/ecd-app-full/ecd-app-full/vendor/laravel/framework/src/Illuminate/Pipeline/Pipeline.php(137): Illuminate/Pipeline/Pipeline->{closure:{closure:Illuminate/Pipeline/Pipeline::carry():194}:195}(Object(Illuminate/Http/Request))
#14 C:/Users/Hp/Downloads/ecd-app-full/ecd-app-full/vendor/laravel/framework/src/Illuminate/Routing/Router.php(821): Illuminate/Pipeline/Pipeline->then(Object(Closure))
#15 C:/Users/Hp/Downloads/ecd-app-full/ecd-app-full/vendor/laravel/framework/src/Illuminate/Routing/Router.php(800): Illuminate/Routing/Router->runRouteWithinStack(Object(Illuminate/Routing/Route), Object(Illuminate/Http/Request))
#16 C:/Users/Hp/Downloads/ecd-app-full/ecd-app-full/vendor/laravel/framework/src/Illuminate/Routing/Router.php(764): Illuminate/Routing/Router->runRoute(Object(Illuminate/Http/Request), Object(Illuminate/Routing/Route))
#17 C:/Users/Hp/Downloads/ecd-app-full/ecd-app-full/vendor/laravel/framework/src/Illuminate/Routing/Router.php(753): Illuminate/Routing/Router->dispatchToRoute(Object(Illuminate/Http/Request))
#18 C:/Users/Hp/Downloads/ecd-app-full/ecd-app-full/vendor/laravel/framework/src/Illuminate/Foundation/Http/Kernel.php(200): Illuminate/Routing/Router->dispatch(Object(Illuminate/Http/Request))
#19 C:/Users/Hp/Downloads/ecd-app-full/ecd-app-full/vendor/laravel/framework/src/Illuminate/Pipeline/Pipeline.php(180): Illuminate/Foundation/Http/Kernel->{closure:Illuminate/Foundation/Http/Kernel::dispatchToRouter():197}(Object(Illuminate/Http/Request))
#20 C:/Users/Hp/Downloads/ecd-app-full/ecd-app-full/vendor/laravel/framework/src/Illuminate/Foundation/Http/Middleware/TransformsRequest.php(21): Illuminate/Pipeline/Pipeline->{closure:Illuminate/Pipeline/Pipeline::prepareDestination():178}(Object(Illuminate/Http/Request))
#21 C:/Users/Hp/Downloads/ecd-app-full/ecd-app-full/vendor/laravel/framework/src/Illuminate/Foundation/Http/Middleware/ConvertEmptyStringsToNull.php(31): Illuminate/Foundation/Http/Middleware/TransformsRequest->handle(Object(Illuminate/Http/Request), Object(Closure))
#22 C:/Users/Hp/Downloads/ecd-app-full/ecd-app-full/vendor/laravel/framework/src/Illuminate/Pipeline/Pipeline.php(219): Illuminate/Foundation/Http/Middleware/ConvertEmptyStringsToNull->handle(Object(Illuminate/Http/Request), Object(Closure))
#23 C:/Users/Hp/Downloads/ecd-app-full/ecd-app-full/vendor/laravel/framework/src/Illuminate/Foundation/Http/Middleware/TransformsRequest.php(21): Illuminate/Pipeline/Pipeline->{closure:{closure:Illuminate/Pipeline/Pipeline::carry():194}:195}(Object(Illuminate/Http/Request))
#24 C:/Users/Hp/Downloads/ecd-app-full/ecd-app-full/vendor/laravel/framework/src/Illuminate/Foundation/Http/Middleware/TrimStrings.php(51): Illuminate/Foundation/Http/Middleware/TransformsRequest->handle(Object(Illuminate/Http/Request), Object(Closure))
#25 C:/Users/Hp/Downloads/ecd-app-full/ecd-app-full/vendor/laravel/framework/src/Illuminate/Pipeline/Pipeline.php(219): Illuminate/Foundation/Http/Middleware/TrimStrings->handle(Object(Illuminate/Http/Request), Object(Closure))
#26 C:/Users/Hp/Downloads/ecd-app-full/ecd-app-full/vendor/laravel/framework/src/Illuminate/Http/Middleware/ValidatePostSize.php(27): Illuminate/Pipeline/Pipeline->{closure:{closure:Illuminate/Pipeline/Pipeline::carry():194}:195}(Object(Illuminate/Http/Request))
#27 C:/Users/Hp/Downloads/ecd-app-full/ecd-app-full/vendor/laravel/framework/src/Illuminate/Pipeline/Pipeline.php(219): Illuminate/Http/Middleware/ValidatePostSize->handle(Object(Illuminate/Http/Request), Object(Closure))
#28 C:/Users/Hp/Downloads/ecd-app-full/ecd-app-full/vendor/laravel/framework/src/Illuminate/Foundation/Http/Middleware/PreventRequestsDuringMaintenance.php(110): Illuminate/Pipeline/Pipeline->{closure:{closure:Illuminate/Pipeline/Pipeline::carry():194}:195}(Object(Illuminate/Http/Request))
#29 C:/Users/Hp/Downloads/ecd-app-full/ecd-app-full/vendor/laravel/framework/src/Illuminate/Pipeline/Pipeline.php(219): Illuminate/Foundation/Http/Middleware/PreventRequestsDuringMaintenance->handle(Object(Illuminate/Http/Request), Object(Closure))
#30 C:/Users/Hp/Downloads/ecd-app-full/ecd-app-full/vendor/laravel/framework/src/Illuminate/Http/Middleware/HandleCors.php(74): Illuminate/Pipeline/Pipeline->{closure:{closure:Illuminate/Pipeline/Pipeline::carry():194}:195}(Object(Illuminate/Http/Request))
#31 C:/Users/Hp/Downloads/ecd-app-full/ecd-app-full/vendor/laravel/framework/src/Illuminate/Pipeline/Pipeline.php(219): Illuminate/Http/Middleware/HandleCors->handle(Object(Illuminate/Http/Request), Object(Closure))
#32 C:/Users/Hp/Downloads/ecd-app-full/ecd-app-full/vendor/laravel/framework/src/Illuminate/Http/Middleware/TrustProxies.php(58): Illuminate/Pipeline/Pipeline->{closure:{closure:Illuminate/Pipeline/Pipeline::carry():194}:195}(Object(Illuminate/Http/Request))
#33 C:/Users/Hp/Downloads/ecd-app-full/ecd-app-full/vendor/laravel/framework/src/Illuminate/Pipeline/Pipeline.php(219): Illuminate/Http/Middleware/TrustProxies->handle(Object(Illuminate/Http/Request), Object(Closure))
#34 C:/Users/Hp/Downloads/ecd-app-full/ecd-app-full/vendor/laravel/framework/src/Illuminate/Foundation/Http/Middleware/InvokeDeferredCallbacks.php(22): Illuminate/Pipeline/Pipeline->{closure:{closure:Illuminate/Pipeline/Pipeline::carry():194}:195}(Object(Illuminate/Http/Request))
#35 C:/Users/Hp/Downloads/ecd-app-full/ecd-app-full/vendor/laravel/framework/src/Illuminate/Pipeline/Pipeline.php(219): Illuminate/Foundation/Http/Middleware/InvokeDeferredCallbacks->handle(Object(Illuminate/Http/Request), Object(Closure))
#36 C:/Users/Hp/Downloads/ecd-app-full/ecd-app-full/vendor/laravel/framework/src/Illuminate/Http/Middleware/ValidatePathEncoding.php(28): Illuminate/Pipeline/Pipeline->{closure:{closure:Illuminate/Pipeline/Pipeline::carry():194}:195}(Object(Illuminate/Http/Request))
#37 C:/Users/Hp/Downloads/ecd-app-full/ecd-app-full/vendor/laravel/framework/src/Illuminate/Pipeline/Pipeline.php(219): Illuminate/Http/Middleware/ValidatePathEncoding->handle(Object(Illuminate/Http/Request), Object(Closure))
#38 C:/Users/Hp/Downloads/ecd-app-full/ecd-app-full/vendor/laravel/framework/src/Illuminate/Pipeline/Pipeline.php(137): Illuminate/Pipeline/Pipeline->{closure:{closure:Illuminate/Pipeline/Pipeline::carry():194}:195}(Object(Illuminate/Http/Request))
#39 C:/Users/Hp/Downloads/ecd-app-full/ecd-app-full/vendor/laravel/framework/src/Illuminate/Foundation/Http/Kernel.php(175): Illuminate/Pipeline/Pipeline->then(Object(Closure))
#40 C:/Users/Hp/Downloads/ecd-app-full/ecd-app-full/vendor/laravel/framework/src/Illuminate/Foundation/Http/Kernel.php(144): Illuminate/Foundation/Http/Kernel->sendRequestThroughRouter(Object(Illuminate/Http/Request))
#41 C:/Users/Hp/Downloads/ecd-app-full/ecd-app-full/vendor/laravel/framework/src/Illuminate/Foundation/Application.php(1227): Illuminate/Foundation/Http/Kernel->handle(Object(Illuminate/Http/Request))
#42 C:/Users/Hp/Downloads/ecd-app-full/ecd-app-full/public/index.php(20): Illuminate/Foundation/Application->handleRequest(Object(Illuminate/Http/Request))
#43 C:/Users/Hp/Downloads/ecd-app-full/ecd-app-full/vendor/laravel/framework/src/Illuminate/Foundation/resources/server.php(23): require_once('C://Users//Hp//Dow...')
#44 {main}

[previous exception] [object] (GuzzleHttp\\Exception\\ConnectException(code: 0): cURL error 60: SSL certificate OpenSSL verify result: unable to get local issuer certificate (20) (see https://curl.se/libcurl/c/libcurl-errors.html) for https://www.googleapis.com/oauth2/v3/userinfo at C:/Users/Hp/Downloads/ecd-app-full/ecd-app-full/vendor/guzzlehttp/guzzle/src/Handler/CurlFactory.php:1432)
[stacktrace]
#0 C:/Users/Hp/Downloads/ecd-app-full/ecd-app-full/vendor/guzzlehttp/guzzle/src/Handler/CurlFactory.php(1205): GuzzleHttp/Handler/CurlFactory::createRejection(Object(SensitiveParameterValue), Object(SensitiveParameterValue))
#1 C:/Users/Hp/Downloads/ecd-app-full/ecd-app-full/vendor/guzzlehttp/guzzle/src/Handler/CurlFactory.php(1049): GuzzleHttp/Handler/CurlFactory::finishError(Object(GuzzleHttp/Handler/CurlHandler), Object(SensitiveParameterValue), Object(GuzzleHttp/Handler/CurlFactory), Object(GuzzleHttp/TransferStats), Object(Closure))
#2 C:/Users/Hp/Downloads/ecd-app-full/ecd-app-full/vendor/guzzlehttp/guzzle/src/Handler/CurlHandler.php(104): GuzzleHttp/Handler/CurlFactory::finish(Object(GuzzleHttp/Handler/CurlHandler), Object(SensitiveParameterValue), Object(GuzzleHttp/Handler/CurlFactory))
#3 C:/Users/Hp/Downloads/ecd-app-full/ecd-app-full/vendor/guzzlehttp/guzzle/src/Handler/Proxy.php(38): GuzzleHttp/Handler/CurlHandler->__invoke(Object(SensitiveParameterValue), Object(SensitiveParameterValue))
#4 C:/Users/Hp/Downloads/ecd-app-full/ecd-app-full/vendor/guzzlehttp/guzzle/src/Handler/Proxy.php(63): GuzzleHttp/Handler/Proxy::{closure:GuzzleHttp/Handler/Proxy::wrapSync():32}(Object(SensitiveParameterValue), Object(SensitiveParameterValue))
#5 C:/Users/Hp/Downloads/ecd-app-full/ecd-app-full/vendor/laravel/framework/src/Illuminate/Http/Client/PendingRequest.php(1788): GuzzleHttp/Handler/Proxy::{closure:GuzzleHttp/Handler/Proxy::wrapStreaming():57}(Object(SensitiveParameterValue), Object(SensitiveParameterValue))
#6 C:/Users/Hp/Downloads/ecd-app-full/ecd-app-full/vendor/laravel/framework/src/Illuminate/Http/Client/PendingRequest.php(1745): Illuminate/Http/Client/PendingRequest->{closure:{closure:Illuminate/Http/Client/PendingRequest::buildStubHandler():1770}:1771}(Object(GuzzleHttp/Psr7/Request), Array)
#7 C:/Users/Hp/Downloads/ecd-app-full/ecd-app-full/vendor/laravel/framework/src/Illuminate/Http/Client/PendingRequest.php(1731): Illuminate/Http/Client/PendingRequest->{closure:{closure:Illuminate/Http/Client/PendingRequest::buildRecorderHandler():1743}:1744}(Object(GuzzleHttp/Psr7/Request), Array)
#8 C:/Users/Hp/Downloads/ecd-app-full/ecd-app-full/vendor/guzzlehttp/guzzle/src/PrepareBodyMiddleware.php(49): Illuminate/Http/Client/PendingRequest->{closure:{closure:Illuminate/Http/Client/PendingRequest::buildBeforeSendingHandler():1729}:1730}(Object(GuzzleHttp/Psr7/Request), Array)
#9 C:/Users/Hp/Downloads/ecd-app-full/ecd-app-full/vendor/guzzlehttp/guzzle/src/Middleware.php(65): GuzzleHttp/PrepareBodyMiddleware->__invoke(Object(SensitiveParameterValue), Object(SensitiveParameterValue))
#10 C:/Users/Hp/Downloads/ecd-app-full/ecd-app-full/vendor/guzzlehttp/guzzle/src/AuthMiddleware.php(100): GuzzleHttp/Middleware::{closure:{closure:GuzzleHttp/Middleware::cookies():50}:51}(Object(SensitiveParameterValue), Object(SensitiveParameterValue))
#11 C:/Users/Hp/Downloads/ecd-app-full/ecd-app-full/vendor/guzzlehttp/guzzle/src/RedirectMiddleware.php(88): GuzzleHttp/AuthMiddleware->__invoke(Object(SensitiveParameterValue), Object(SensitiveParameterValue))
#12 C:/Users/Hp/Downloads/ecd-app-full/ecd-app-full/vendor/guzzlehttp/guzzle/src/Middleware.php(98): GuzzleHttp/RedirectMiddleware->__invoke(Object(SensitiveParameterValue), Object(SensitiveParameterValue))
#13 C:/Users/Hp/Downloads/ecd-app-full/ecd-app-full/vendor/guzzlehttp/guzzle/src/HandlerStack.php(89): GuzzleHttp/Middleware::{closure:{closure:GuzzleHttp/Middleware::httpErrors():90}:91}(Object(SensitiveParameterValue), Object(SensitiveParameterValue))
#14 C:/Users/Hp/Downloads/ecd-app-full/ecd-app-full/vendor/guzzlehttp/guzzle/src/Client.php(1514): GuzzleHttp/HandlerStack->__invoke(Object(SensitiveParameterValue), Object(SensitiveParameterValue))
#15 C:/Users/Hp/Downloads/ecd-app-full/ecd-app-full/vendor/guzzlehttp/guzzle/src/Client.php(561): GuzzleHttp/Client->transfer(Object(SensitiveParameterValue), Object(SensitiveParameterValue))
#16 C:/Users/Hp/Downloads/ecd-app-full/ecd-app-full/vendor/guzzlehttp/guzzle/src/Client.php(658): GuzzleHttp/Client->requestAsync('GET', Object(GuzzleHttp/Psr7/Uri), Object(SensitiveParameterValue))
#17 C:/Users/Hp/Downloads/ecd-app-full/ecd-app-full/vendor/laravel/framework/src/Illuminate/Http/Client/PendingRequest.php(1361): GuzzleHttp/Client->request('GET', 'https://www.goo...', Object(SensitiveParameterValue))
#18 C:/Users/Hp/Downloads/ecd-app-full/ecd-app-full/vendor/laravel/framework/src/Illuminate/Http/Client/PendingRequest.php(1077): Illuminate/Http/Client/PendingRequest->sendRequest('GET', 'https://www.goo...', Array)
#19 C:/Users/Hp/Downloads/ecd-app-full/ecd-app-full/vendor/laravel/framework/src/Illuminate/Support/helpers.php(328): Illuminate/Http/Client/PendingRequest->{closure:Illuminate/Http/Client/PendingRequest::send():1075}(1)
#20 C:/Users/Hp/Downloads/ecd-app-full/ecd-app-full/vendor/laravel/framework/src/Illuminate/Http/Client/PendingRequest.php(1075): retry(0, Object(Closure), 100, Object(Closure))
#21 C:/Users/Hp/Downloads/ecd-app-full/ecd-app-full/vendor/laravel/framework/src/Illuminate/Http/Client/PendingRequest.php(865): Illuminate/Http/Client/PendingRequest->send('GET', 'https://www.goo...', Array)
#22 C:/Users/Hp/Downloads/ecd-app-full/ecd-app-full/app/Services/GoogleTokenVerifier.php(17): Illuminate/Http/Client/PendingRequest->get('https://www.goo...')
#23 C:/Users/Hp/Downloads/ecd-app-full/ecd-app-full/app/Http/Controllers/Api/GoogleAuthController.php(22): App/Services/GoogleTokenVerifier->verify('google_access_t...')
#24 C:/Users/Hp/Downloads/ecd-app-full/ecd-app-full/vendor/laravel/framework/src/Illuminate/Routing/ControllerDispatcher.php(46): App/Http/Controllers/Api/GoogleAuthController->login(Object(App/Http/Requests/GoogleLoginRequest))
#25 C:/Users/Hp/Downloads/ecd-app-full/ecd-app-full/vendor/laravel/framework/src/Illuminate/Routing/Route.php(276): Illuminate/Routing/ControllerDispatcher->dispatch(Object(Illuminate/Routing/Route), Object(App/Http/Controllers/Api/GoogleAuthController), 'login')
#26 C:/Users/Hp/Downloads/ecd-app-full/ecd-app-full/vendor/laravel/framework/src/Illuminate/Routing/Route.php(216): Illuminate/Routing/Route->runController()
#27 C:/Users/Hp/Downloads/ecd-app-full/ecd-app-full/vendor/laravel/framework/src/Illuminate/Routing/Router.php(822): Illuminate/Routing/Route->run()
#28 C:/Users/Hp/Downloads/ecd-app-full/ecd-app-full/vendor/laravel/framework/src/Illuminate/Pipeline/Pipeline.php(180): Illuminate/Routing/Router->{closure:Illuminate/Routing/Router::runRouteWithinStack():821}(Object(Illuminate/Http/Request))
#29 C:/Users/Hp/Downloads/ecd-app-full/ecd-app-full/vendor/laravel/framework/src/Illuminate/Routing/Middleware/SubstituteBindings.php(52): Illuminate/Pipeline/Pipeline->{closure:Illuminate/Pipeline/Pipeline::prepareDestination():178}(Object(Illuminate/Http/Request))
#30 C:/Users/Hp/Downloads/ecd-app-full/ecd-app-full/vendor/laravel/framework/src/Illuminate/Pipeline/Pipeline.php(219): Illuminate/Routing/Middleware/SubstituteBindings->handle(Object(Illuminate/Http/Request), Object(Closure))
#31 C:/Users/Hp/Downloads/ecd-app-full/ecd-app-full/vendor/laravel/framework/src/Illuminate/Pipeline/Pipeline.php(137): Illuminate/Pipeline/Pipeline->{closure:{closure:Illuminate/Pipeline/Pipeline::carry():194}:195}(Object(Illuminate/Http/Request))
#32 C:/Users/Hp/Downloads/ecd-app-full/ecd-app-full/vendor/laravel/framework/src/Illuminate/Routing/Router.php(821): Illuminate/Pipeline/Pipeline->then(Object(Closure))
#33 C:/Users/Hp/Downloads/ecd-app-full/ecd-app-full/vendor/laravel/framework/src/Illuminate/Routing/Router.php(800): Illuminate/Routing/Router->runRouteWithinStack(Object(Illuminate/Routing/Route), Object(Illuminate/Http/Request))
#34 C:/Users/Hp/Downloads/ecd-app-full/ecd-app-full/vendor/laravel/framework/src/Illuminate/Routing/Router.php(764): Illuminate/Routing/Router->runRoute(Object(Illuminate/Http/Request), Object(Illuminate/Routing/Route))
#35 C:/Users/Hp/Downloads/ecd-app-full/ecd-app-full/vendor/laravel/framework/src/Illuminate/Routing/Router.php(753): Illuminate/Routing/Router->dispatchToRoute(Object(Illuminate/Http/Request))
#36 C:/Users/Hp/Downloads/ecd-app-full/ecd-app-full/vendor/laravel/framework/src/Illuminate/Foundation/Http/Kernel.php(200): Illuminate/Routing/Router->dispatch(Object(Illuminate/Http/Request))
#37 C:/Users/Hp/Downloads/ecd-app-full/ecd-app-full/vendor/laravel/framework/src/Illuminate/Pipeline/Pipeline.php(180): Illuminate/Foundation/Http/Kernel->{closure:Illuminate/Foundation/Http/Kernel::dispatchToRouter():197}(Object(Illuminate/Http/Request))
#38 C:/Users/Hp/Downloads/ecd-app-full/ecd-app-full/vendor/laravel/framework/src/Illuminate/Foundation/Http/Middleware/TransformsRequest.php(21): Illuminate/Pipeline/Pipeline->{closure:Illuminate/Pipeline/Pipeline::prepareDestination():178}(Object(Illuminate/Http/Request))
#39 C:/Users/Hp/Downloads/ecd-app-full/ecd-app-full/vendor/laravel/framework/src/Illuminate/Foundation/Http/Middleware/ConvertEmptyStringsToNull.php(31): Illuminate/Foundation/Http/Middleware/TransformsRequest->handle(Object(Illuminate/Http/Request), Object(Closure))
#40 C:/Users/Hp/Downloads/ecd-app-full/ecd-app-full/vendor/laravel/framework/src/Illuminate/Pipeline/Pipeline.php(219): Illuminate/Foundation/Http/Middleware/ConvertEmptyStringsToNull->handle(Object(Illuminate/Http/Request), Object(Closure))
#41 C:/Users/Hp/Downloads/ecd-app-full/ecd-app-full/vendor/laravel/framework/src/Illuminate/Foundation/Http/Middleware/TransformsRequest.php(21): Illuminate/Pipeline/Pipeline->{closure:{closure:Illuminate/Pipeline/Pipeline::carry():194}:195}(Object(Illuminate/Http/Request))
#42 C:/Users/Hp/Downloads/ecd-app-full/ecd-app-full/vendor/laravel/framework/src/Illuminate/Foundation/Http/Middleware/TrimStrings.php(51): Illuminate/Foundation/Http/Middleware/TransformsRequest->handle(Object(Illuminate/Http/Request), Object(Closure))
#43 C:/Users/Hp/Downloads/ecd-app-full/ecd-app-full/vendor/laravel/framework/src/Illuminate/Pipeline/Pipeline.php(219): Illuminate/Foundation/Http/Middleware/TrimStrings->handle(Object(Illuminate/Http/Request), Object(Closure))
#44 C:/Users/Hp/Downloads/ecd-app-full/ecd-app-full/vendor/laravel/framework/src/Illuminate/Http/Middleware/ValidatePostSize.php(27): Illuminate/Pipeline/Pipeline->{closure:{closure:Illuminate/Pipeline/Pipeline::carry():194}:195}(Object(Illuminate/Http/Request))
#45 C:/Users/Hp/Downloads/ecd-app-full/ecd-app-full/vendor/laravel/framework/src/Illuminate/Pipeline/Pipeline.php(219): Illuminate/Http/Middleware/ValidatePostSize->handle(Object(Illuminate/Http/Request), Object(Closure))
#46 C:/Users/Hp/Downloads/ecd-app-full/ecd-app-full/vendor/laravel/framework/src/Illuminate/Foundation/Http/Middleware/PreventRequestsDuringMaintenance.php(110): Illuminate/Pipeline/Pipeline->{closure:{closure:Illuminate/Pipeline/Pipeline::carry():194}:195}(Object(Illuminate/Http/Request))
#47 C:/Users/Hp/Downloads/ecd-app-full/ecd-app-full/vendor/laravel/framework/src/Illuminate/Pipeline/Pipeline.php(219): Illuminate/Foundation/Http/Middleware/PreventRequestsDuringMaintenance->handle(Object(Illuminate/Http/Request), Object(Closure))
#48 C:/Users/Hp/Downloads/ecd-app-full/ecd-app-full/vendor/laravel/framework/src/Illuminate/Http/Middleware/HandleCors.php(74): Illuminate/Pipeline/Pipeline->{closure:{closure:Illuminate/Pipeline/Pipeline::carry():194}:195}(Object(Illuminate/Http/Request))
#49 C:/Users/Hp/Downloads/ecd-app-full/ecd-app-full/vendor/laravel/framework/src/Illuminate/Pipeline/Pipeline.php(219): Illuminate/Http/Middleware/HandleCors->handle(Object(Illuminate/Http/Request), Object(Closure))
#50 C:/Users/Hp/Downloads/ecd-app-full/ecd-app-full/vendor/laravel/framework/src/Illuminate/Http/Middleware/TrustProxies.php(58): Illuminate/Pipeline/Pipeline->{closure:{closure:Illuminate/Pipeline/Pipeline::carry():194}:195}(Object(Illuminate/Http/Request))
#51 C:/Users/Hp/Downloads/ecd-app-full/ecd-app-full/vendor/laravel/framework/src/Illuminate/Pipeline/Pipeline.php(219): Illuminate/Http/Middleware/TrustProxies->handle(Object(Illuminate/Http/Request), Object(Closure))
#52 C:/Users/Hp/Downloads/ecd-app-full/ecd-app-full/vendor/laravel/framework/src/Illuminate/Foundation/Http/Middleware/InvokeDeferredCallbacks.php(22): Illuminate/Pipeline/Pipeline->{closure:{closure:Illuminate/Pipeline/Pipeline::carry():194}:195}(Object(Illuminate/Http/Request))
#53 C:/Users/Hp/Downloads/ecd-app-full/ecd-app-full/vendor/laravel/framework/src/Illuminate/Pipeline/Pipeline.php(219): Illuminate/Foundation/Http/Middleware/InvokeDeferredCallbacks->handle(Object(Illuminate/Http/Request), Object(Closure))
#54 C:/Users/Hp/Downloads/ecd-app-full/ecd-app-full/vendor/laravel/framework/src/Illuminate/Http/Middleware/ValidatePathEncoding.php(28): Illuminate/Pipeline/Pipeline->{closure:{closure:Illuminate/Pipeline/Pipeline::carry():194}:195}(Object(Illuminate/Http/Request))
#55 C:/Users/Hp/Downloads/ecd-app-full/ecd-app-full/vendor/laravel/framework/src/Illuminate/Pipeline/Pipeline.php(219): Illuminate/Http/Middleware/ValidatePathEncoding->handle(Object(Illuminate/Http/Request), Object(Closure))
#56 C:/Users/Hp/Downloads/ecd-app-full/ecd-app-full/vendor/laravel/framework/src/Illuminate/Pipeline/Pipeline.php(137): Illuminate/Pipeline/Pipeline->{closure:{closure:Illuminate/Pipeline/Pipeline::carry():194}:195}(Object(Illuminate/Http/Request))
#57 C:/Users/Hp/Downloads/ecd-app-full/ecd-app-full/vendor/laravel/framework/src/Illuminate/Foundation/Http/Kernel.php(175): Illuminate/Pipeline/Pipeline->then(Object(Closure))
#58 C:/Users/Hp/Downloads/ecd-app-full/ecd-app-full/vendor/laravel/framework/src/Illuminate/Foundation/Http/Kernel.php(144): Illuminate/Foundation/Http/Kernel->sendRequestThroughRouter(Object(Illuminate/Http/Request))
#59 C:/Users/Hp/Downloads/ecd-app-full/ecd-app-full/vendor/laravel/framework/src/Illuminate/Foundation/Application.php(1227): Illuminate/Foundation/Http/Kernel->handle(Object(Illuminate/Http/Request))
#60 C:/Users/Hp/Downloads/ecd-app-full/ecd-app-full/public/index.php(20): Illuminate/Foundation/Application->handleRequest(Object(Illuminate/Http/Request))
#61 C:/Users/Hp/Downloads/ecd-app-full/ecd-app-full/vendor/laravel/framework/src/Illuminate/Foundation/resources/server.php(23): require_once('C://Users//Hp//Dow...')
#62 {main}
"} 
[2026-08-31 18:58:51] local.ERROR: Route [login] not defined. {"exception":"[object] (Symfony\\Component\\Routing\\Exception\\RouteNotFoundException(code: 0): Route [login] not defined. at C:/Users/Hp/Downloads/ecd-app-full/ecd-app-full/vendor/laravel/framework/src/Illuminate/Routing/UrlGenerator.php:542)
[stacktrace]
#0 C:/Users/Hp/Downloads/ecd-app-full/ecd-app-full/vendor/laravel/framework/src/Illuminate/Foundation/helpers.php(870): Illuminate/Routing/UrlGenerator->route('login', Array, true)
#1 C:/Users/Hp/Downloads/ecd-app-full/ecd-app-full/vendor/laravel/framework/src/Illuminate/Foundation/Configuration/ApplicationBuilder.php(291): route('login')
#2 [internal function]: Illuminate/Foundation/Configuration/ApplicationBuilder->{closure:{closure:Illuminate/Foundation/Configuration/ApplicationBuilder::withMiddleware():289}:291}(Object(Illuminate/Http/Request))
#3 C:/Users/Hp/Downloads/ecd-app-full/ecd-app-full/vendor/laravel/framework/src/Illuminate/Auth/Middleware/Authenticate.php(117): call_user_func(Object(Closure), Object(Illuminate/Http/Request))
#4 C:/Users/Hp/Downloads/ecd-app-full/ecd-app-full/vendor/laravel/framework/src/Illuminate/Auth/Middleware/Authenticate.php(104): Illuminate/Auth/Middleware/Authenticate->redirectTo(Object(Illuminate/Http/Request))
#5 C:/Users/Hp/Downloads/ecd-app-full/ecd-app-full/vendor/laravel/framework/src/Illuminate/Auth/Middleware/Authenticate.php(87): Illuminate/Auth/Middleware/Authenticate->unauthenticated(Object(Illuminate/Http/Request), Array)
#6 C:/Users/Hp/Downloads/ecd-app-full/ecd-app-full/vendor/laravel/framework/src/Illuminate/Auth/Middleware/Authenticate.php(61): Illuminate/Auth/Middleware/Authenticate->authenticate(Object(Illuminate/Http/Request), Array)
#7 C:/Users/Hp/Downloads/ecd-app-full/ecd-app-full/vendor/laravel/framework/src/Illuminate/Pipeline/Pipeline.php(219): Illuminate/Auth/Middleware/Authenticate->handle(Object(Illuminate/Http/Request), Object(Closure), 'sanctum')
#8 C:/Users/Hp/Downloads/ecd-app-full/ecd-app-full/vendor/laravel/framework/src/Illuminate/Pipeline/Pipeline.php(137): Illuminate/Pipeline/Pipeline->{closure:{closure:Illuminate/Pipeline/Pipeline::carry():194}:195}(Object(Illuminate/Http/Request))
#9 C:/Users/Hp/Downloads/ecd-app-full/ecd-app-full/vendor/laravel/framework/src/Illuminate/Routing/Router.php(821): Illuminate/Pipeline/Pipeline->then(Object(Closure))
#10 C:/Users/Hp/Downloads/ecd-app-full/ecd-app-full/vendor/laravel/framework/src/Illuminate/Routing/Router.php(800): Illuminate/Routing/Router->runRouteWithinStack(Object(Illuminate/Routing/Route), Object(Illuminate/Http/Request))
#11 C:/Users/Hp/Downloads/ecd-app-full/ecd-app-full/vendor/laravel/framework/src/Illuminate/Routing/Router.php(764): Illuminate/Routing/Router->runRoute(Object(Illuminate/Http/Request), Object(Illuminate/Routing/Route))
#12 C:/Users/Hp/Downloads/ecd-app-full/ecd-app-full/vendor/laravel/framework/src/Illuminate/Routing/Router.php(753): Illuminate/Routing/Router->dispatchToRoute(Object(Illuminate/Http/Request))
#13 C:/Users/Hp/Downloads/ecd-app-full/ecd-app-full/vendor/laravel/framework/src/Illuminate/Foundation/Http/Kernel.php(200): Illuminate/Routing/Router->dispatch(Object(Illuminate/Http/Request))
#14 C:/Users/Hp/Downloads/ecd-app-full/ecd-app-full/vendor/laravel/framework/src/Illuminate/Pipeline/Pipeline.php(180): Illuminate/Foundation/Http/Kernel->{closure:Illuminate/Foundation/Http/Kernel::dispatchToRouter():197}(Object(Illuminate/Http/Request))
#15 C:/Users/Hp/Downloads/ecd-app-full/ecd-app-full/vendor/laravel/framework/src/Illuminate/Foundation/Http/Middleware/TransformsRequest.php(21): Illuminate/Pipeline/Pipeline->{closure:Illuminate/Pipeline/Pipeline::prepareDestination():178}(Object(Illuminate/Http/Request))
#16 C:/Users/Hp/Downloads/ecd-app-full/ecd-app-full/vendor/laravel/framework/src/Illuminate/Foundation/Http/Middleware/ConvertEmptyStringsToNull.php(31): Illuminate/Foundation/Http/Middleware/TransformsRequest->handle(Object(Illuminate/Http/Request), Object(Closure))
#17 C:/Users/Hp/Downloads/ecd-app-full/ecd-app-full/vendor/laravel/framework/src/Illuminate/Pipeline/Pipeline.php(219): Illuminate/Foundation/Http/Middleware/ConvertEmptyStringsToNull->handle(Object(Illuminate/Http/Request), Object(Closure))
#18 C:/Users/Hp/Downloads/ecd-app-full/ecd-app-full/vendor/laravel/framework/src/Illuminate/Foundation/Http/Middleware/TransformsRequest.php(21): Illuminate/Pipeline/Pipeline->{closure:{closure:Illuminate/Pipeline/Pipeline::carry():194}:195}(Object(Illuminate/Http/Request))
#19 C:/Users/Hp/Downloads/ecd-app-full/ecd-app-full/vendor/laravel/framework/src/Illuminate/Foundation/Http/Middleware/TrimStrings.php(51): Illuminate/Foundation/Http/Middleware/TransformsRequest->handle(Object(Illuminate/Http/Request), Object(Closure))
#20 C:/Users/Hp/Downloads/ecd-app-full/ecd-app-full/vendor/laravel/framework/src/Illuminate/Pipeline/Pipeline.php(219): Illuminate/Foundation/Http/Middleware/TrimStrings->handle(Object(Illuminate/Http/Request), Object(Closure))
#21 C:/Users/Hp/Downloads/ecd-app-full/ecd-app-full/vendor/laravel/framework/src/Illuminate/Http/Middleware/ValidatePostSize.php(27): Illuminate/Pipeline/Pipeline->{closure:{closure:Illuminate/Pipeline/Pipeline::carry():194}:195}(Object(Illuminate/Http/Request))
#22 C:/Users/Hp/Downloads/ecd-app-full/ecd-app-full/vendor/laravel/framework/src/Illuminate/Pipeline/Pipeline.php(219): Illuminate/Http/Middleware/ValidatePostSize->handle(Object(Illuminate/Http/Request), Object(Closure))
#23 C:/Users/Hp/Downloads/ecd-app-full/ecd-app-full/vendor/laravel/framework/src/Illuminate/Foundation/Http/Middleware/PreventRequestsDuringMaintenance.php(110): Illuminate/Pipeline/Pipeline->{closure:{closure:Illuminate/Pipeline/Pipeline::carry():194}:195}(Object(Illuminate/Http/Request))
#24 C:/Users/Hp/Downloads/ecd-app-full/ecd-app-full/vendor/laravel/framework/src/Illuminate/Pipeline/Pipeline.php(219): Illuminate/Foundation/Http/Middleware/PreventRequestsDuringMaintenance->handle(Object(Illuminate/Http/Request), Object(Closure))
#25 C:/Users/Hp/Downloads/ecd-app-full/ecd-app-full/vendor/laravel/framework/src/Illuminate/Http/Middleware/HandleCors.php(74): Illuminate/Pipeline/Pipeline->{closure:{closure:Illuminate/Pipeline/Pipeline::carry():194}:195}(Object(Illuminate/Http/Request))
#26 C:/Users/Hp/Downloads/ecd-app-full/ecd-app-full/vendor/laravel/framework/src/Illuminate/Pipeline/Pipeline.php(219): Illuminate/Http/Middleware/HandleCors->handle(Object(Illuminate/Http/Request), Object(Closure))
#27 C:/Users/Hp/Downloads/ecd-app-full/ecd-app-full/vendor/laravel/framework/src/Illuminate/Http/Middleware/TrustProxies.php(58): Illuminate/Pipeline/Pipeline->{closure:{closure:Illuminate/Pipeline/Pipeline::carry():194}:195}(Object(Illuminate/Http/Request))
#28 C:/Users/Hp/Downloads/ecd-app-full/ecd-app-full/vendor/laravel/framework/src/Illuminate/Pipeline/Pipeline.php(219): Illuminate/Http/Middleware/TrustProxies->handle(Object(Illuminate/Http/Request), Object(Closure))
#29 C:/Users/Hp/Downloads/ecd-app-full/ecd-app-full/vendor/laravel/framework/src/Illuminate/Foundation/Http/Middleware/InvokeDeferredCallbacks.php(22): Illuminate/Pipeline/Pipeline->{closure:{closure:Illuminate/Pipeline/Pipeline::carry():194}:195}(Object(Illuminate/Http/Request))
#30 C:/Users/Hp/Downloads/ecd-app-full/ecd-app-full/vendor/laravel/framework/src/Illuminate/Pipeline/Pipeline.php(219): Illuminate/Foundation/Http/Middleware/InvokeDeferredCallbacks->handle(Object(Illuminate/Http/Request), Object(Closure))
#31 C:/Users/Hp/Downloads/ecd-app-full/ecd-app-full/vendor/laravel/framework/src/Illuminate/Http/Middleware/ValidatePathEncoding.php(28): Illuminate/Pipeline/Pipeline->{closure:{closure:Illuminate/Pipeline/Pipeline::carry():194}:195}(Object(Illuminate/Http/Request))
#32 C:/Users/Hp/Downloads/ecd-app-full/ecd-app-full/vendor/laravel/framework/src/Illuminate/Pipeline/Pipeline.php(219): Illuminate/Http/Middleware/ValidatePathEncoding->handle(Object(Illuminate/Http/Request), Object(Closure))
#33 C:/Users/Hp/Downloads/ecd-app-full/ecd-app-full/vendor/laravel/framework/src/Illuminate/Pipeline/Pipeline.php(137): Illuminate/Pipeline/Pipeline->{closure:{closure:Illuminate/Pipeline/Pipeline::carry():194}:195}(Object(Illuminate/Http/Request))
#34 C:/Users/Hp/Downloads/ecd-app-full/ecd-app-full/vendor/laravel/framework/src/Illuminate/Foundation/Http/Kernel.php(175): Illuminate/Pipeline/Pipeline->then(Object(Closure))
#35 C:/Users/Hp/Downloads/ecd-app-full/ecd-app-full/vendor/laravel/framework/src/Illuminate/Foundation/Http/Kernel.php(144): Illuminate/Foundation/Http/Kernel->sendRequestThroughRouter(Object(Illuminate/Http/Request))
#36 C:/Users/Hp/Downloads/ecd-app-full/ecd-app-full/vendor/laravel/framework/src/Illuminate/Foundation/Application.php(1227): Illuminate/Foundation/Http/Kernel->handle(Object(Illuminate/Http/Request))
#37 C:/Users/Hp/Downloads/ecd-app-full/ecd-app-full/public/index.php(20): Illuminate/Foundation/Application->handleRequest(Object(Illuminate/Http/Request))
#38 C:/Users/Hp/Downloads/ecd-app-full/ecd-app-full/vendor/laravel/framework/src/Illuminate/Foundation/resources/server.php(23): require_once('C://Users//Hp//Dow...')
#39 {main}
"} 
[2026-08-31 19:00:34] local.ERROR: Route [login] not defined. {"exception":"[object] (Symfony\\Component\\Routing\\Exception\\RouteNotFoundException(code: 0): Route [login] not defined. at C:/Users/Hp/Downloads/ecd-app-full/ecd-app-full/vendor/laravel/framework/src/Illuminate/Routing/UrlGenerator.php:542)
[stacktrace]
#0 C:/Users/Hp/Downloads/ecd-app-full/ecd-app-full/vendor/laravel/framework/src/Illuminate/Foundation/helpers.php(870): Illuminate/Routing/UrlGenerator->route('login', Array, true)
#1 C:/Users/Hp/Downloads/ecd-app-full/ecd-app-full/vendor/laravel/framework/src/Illuminate/Foundation/Configuration/ApplicationBuilder.php(291): route('login')
#2 [internal function]: Illuminate/Foundation/Configuration/ApplicationBuilder->{closure:{closure:Illuminate/Foundation/Configuration/ApplicationBuilder::withMiddleware():289}:291}(Object(Illuminate/Http/Request))
#3 C:/Users/Hp/Downloads/ecd-app-full/ecd-app-full/vendor/laravel/framework/src/Illuminate/Auth/Middleware/Authenticate.php(117): call_user_func(Object(Closure), Object(Illuminate/Http/Request))
#4 C:/Users/Hp/Downloads/ecd-app-full/ecd-app-full/vendor/laravel/framework/src/Illuminate/Auth/Middleware/Authenticate.php(104): Illuminate/Auth/Middleware/Authenticate->redirectTo(Object(Illuminate/Http/Request))
#5 C:/Users/Hp/Downloads/ecd-app-full/ecd-app-full/vendor/laravel/framework/src/Illuminate/Auth/Middleware/Authenticate.php(87): Illuminate/Auth/Middleware/Authenticate->unauthenticated(Object(Illuminate/Http/Request), Array)
#6 C:/Users/Hp/Downloads/ecd-app-full/ecd-app-full/vendor/laravel/framework/src/Illuminate/Auth/Middleware/Authenticate.php(61): Illuminate/Auth/Middleware/Authenticate->authenticate(Object(Illuminate/Http/Request), Array)
#7 C:/Users/Hp/Downloads/ecd-app-full/ecd-app-full/vendor/laravel/framework/src/Illuminate/Pipeline/Pipeline.php(219): Illuminate/Auth/Middleware/Authenticate->handle(Object(Illuminate/Http/Request), Object(Closure), 'sanctum')
#8 C:/Users/Hp/Downloads/ecd-app-full/ecd-app-full/vendor/laravel/framework/src/Illuminate/Pipeline/Pipeline.php(137): Illuminate/Pipeline/Pipeline->{closure:{closure:Illuminate/Pipeline/Pipeline::carry():194}:195}(Object(Illuminate/Http/Request))
#9 C:/Users/Hp/Downloads/ecd-app-full/ecd-app-full/vendor/laravel/framework/src/Illuminate/Routing/Router.php(821): Illuminate/Pipeline/Pipeline->then(Object(Closure))
#10 C:/Users/Hp/Downloads/ecd-app-full/ecd-app-full/vendor/laravel/framework/src/Illuminate/Routing/Router.php(800): Illuminate/Routing/Router->runRouteWithinStack(Object(Illuminate/Routing/Route), Object(Illuminate/Http/Request))
#11 C:/Users/Hp/Downloads/ecd-app-full/ecd-app-full/vendor/laravel/framework/src/Illuminate/Routing/Router.php(764): Illuminate/Routing/Router->runRoute(Object(Illuminate/Http/Request), Object(Illuminate/Routing/Route))
#12 C:/Users/Hp/Downloads/ecd-app-full/ecd-app-full/vendor/laravel/framework/src/Illuminate/Routing/Router.php(753): Illuminate/Routing/Router->dispatchToRoute(Object(Illuminate/Http/Request))
#13 C:/Users/Hp/Downloads/ecd-app-full/ecd-app-full/vendor/laravel/framework/src/Illuminate/Foundation/Http/Kernel.php(200): Illuminate/Routing/Router->dispatch(Object(Illuminate/Http/Request))
#14 C:/Users/Hp/Downloads/ecd-app-full/ecd-app-full/vendor/laravel/framework/src/Illuminate/Pipeline/Pipeline.php(180): Illuminate/Foundation/Http/Kernel->{closure:Illuminate/Foundation/Http/Kernel::dispatchToRouter():197}(Object(Illuminate/Http/Request))
#15 C:/Users/Hp/Downloads/ecd-app-full/ecd-app-full/vendor/laravel/framework/src/Illuminate/Foundation/Http/Middleware/TransformsRequest.php(21): Illuminate/Pipeline/Pipeline->{closure:Illuminate/Pipeline/Pipeline::prepareDestination():178}(Object(Illuminate/Http/Request))
#16 C:/Users/Hp/Downloads/ecd-app-full/ecd-app-full/vendor/laravel/framework/src/Illuminate/Foundation/Http/Middleware/ConvertEmptyStringsToNull.php(31): Illuminate/Foundation/Http/Middleware/TransformsRequest->handle(Object(Illuminate/Http/Request), Object(Closure))
#17 C:/Users/Hp/Downloads/ecd-app-full/ecd-app-full/vendor/laravel/framework/src/Illuminate/Pipeline/Pipeline.php(219): Illuminate/Foundation/Http/Middleware/ConvertEmptyStringsToNull->handle(Object(Illuminate/Http/Request), Object(Closure))
#18 C:/Users/Hp/Downloads/ecd-app-full/ecd-app-full/vendor/laravel/framework/src/Illuminate/Foundation/Http/Middleware/TransformsRequest.php(21): Illuminate/Pipeline/Pipeline->{closure:{closure:Illuminate/Pipeline/Pipeline::carry():194}:195}(Object(Illuminate/Http/Request))
#19 C:/Users/Hp/Downloads/ecd-app-full/ecd-app-full/vendor/laravel/framework/src/Illuminate/Foundation/Http/Middleware/TrimStrings.php(51): Illuminate/Foundation/Http/Middleware/TransformsRequest->handle(Object(Illuminate/Http/Request), Object(Closure))
#20 C:/Users/Hp/Downloads/ecd-app-full/ecd-app-full/vendor/laravel/framework/src/Illuminate/Pipeline/Pipeline.php(219): Illuminate/Foundation/Http/Middleware/TrimStrings->handle(Object(Illuminate/Http/Request), Object(Closure))
#21 C:/Users/Hp/Downloads/ecd-app-full/ecd-app-full/vendor/laravel/framework/src/Illuminate/Http/Middleware/ValidatePostSize.php(27): Illuminate/Pipeline/Pipeline->{closure:{closure:Illuminate/Pipeline/Pipeline::carry():194}:195}(Object(Illuminate/Http/Request))
#22 C:/Users/Hp/Downloads/ecd-app-full/ecd-app-full/vendor/laravel/framework/src/Illuminate/Pipeline/Pipeline.php(219): Illuminate/Http/Middleware/ValidatePostSize->handle(Object(Illuminate/Http/Request), Object(Closure))
#23 C:/Users/Hp/Downloads/ecd-app-full/ecd-app-full/vendor/laravel/framework/src/Illuminate/Foundation/Http/Middleware/PreventRequestsDuringMaintenance.php(110): Illuminate/Pipeline/Pipeline->{closure:{closure:Illuminate/Pipeline/Pipeline::carry():194}:195}(Object(Illuminate/Http/Request))
#24 C:/Users/Hp/Downloads/ecd-app-full/ecd-app-full/vendor/laravel/framework/src/Illuminate/Pipeline/Pipeline.php(219): Illuminate/Foundation/Http/Middleware/PreventRequestsDuringMaintenance->handle(Object(Illuminate/Http/Request), Object(Closure))
#25 C:/Users/Hp/Downloads/ecd-app-full/ecd-app-full/vendor/laravel/framework/src/Illuminate/Http/Middleware/HandleCors.php(74): Illuminate/Pipeline/Pipeline->{closure:{closure:Illuminate/Pipeline/Pipeline::carry():194}:195}(Object(Illuminate/Http/Request))
#26 C:/Users/Hp/Downloads/ecd-app-full/ecd-app-full/vendor/laravel/framework/src/Illuminate/Pipeline/Pipeline.php(219): Illuminate/Http/Middleware/HandleCors->handle(Object(Illuminate/Http/Request), Object(Closure))
#27 C:/Users/Hp/Downloads/ecd-app-full/ecd-app-full/vendor/laravel/framework/src/Illuminate/Http/Middleware/TrustProxies.php(58): Illuminate/Pipeline/Pipeline->{closure:{closure:Illuminate/Pipeline/Pipeline::carry():194}:195}(Object(Illuminate/Http/Request))
#28 C:/Users/Hp/Downloads/ecd-app-full/ecd-app-full/vendor/laravel/framework/src/Illuminate/Pipeline/Pipeline.php(219): Illuminate/Http/Middleware/TrustProxies->handle(Object(Illuminate/Http/Request), Object(Closure))
#29 C:/Users/Hp/Downloads/ecd-app-full/ecd-app-full/vendor/laravel/framework/src/Illuminate/Foundation/Http/Middleware/InvokeDeferredCallbacks.php(22): Illuminate/Pipeline/Pipeline->{closure:{closure:Illuminate/Pipeline/Pipeline::carry():194}:195}(Object(Illuminate/Http/Request))
#30 C:/Users/Hp/Downloads/ecd-app-full/ecd-app-full/vendor/laravel/framework/src/Illuminate/Pipeline/Pipeline.php(219): Illuminate/Foundation/Http/Middleware/InvokeDeferredCallbacks->handle(Object(Illuminate/Http/Request), Object(Closure))
#31 C:/Users/Hp/Downloads/ecd-app-full/ecd-app-full/vendor/laravel/framework/src/Illuminate/Http/Middleware/ValidatePathEncoding.php(28): Illuminate/Pipeline/Pipeline->{closure:{closure:Illuminate/Pipeline/Pipeline::carry():194}:195}(Object(Illuminate/Http/Request))
#32 C:/Users/Hp/Downloads/ecd-app-full/ecd-app-full/vendor/laravel/framework/src/Illuminate/Pipeline/Pipeline.php(219): Illuminate/Http/Middleware/ValidatePathEncoding->handle(Object(Illuminate/Http/Request), Object(Closure))
#33 C:/Users/Hp/Downloads/ecd-app-full/ecd-app-full/vendor/laravel/framework/src/Illuminate/Pipeline/Pipeline.php(137): Illuminate/Pipeline/Pipeline->{closure:{closure:Illuminate/Pipeline/Pipeline::carry():194}:195}(Object(Illuminate/Http/Request))
#34 C:/Users/Hp/Downloads/ecd-app-full/ecd-app-full/vendor/laravel/framework/src/Illuminate/Foundation/Http/Kernel.php(175): Illuminate/Pipeline/Pipeline->then(Object(Closure))
#35 C:/Users/Hp/Downloads/ecd-app-full/ecd-app-full/vendor/laravel/framework/src/Illuminate/Foundation/Http/Kernel.php(144): Illuminate/Foundation/Http/Kernel->sendRequestThroughRouter(Object(Illuminate/Http/Request))
#36 C:/Users/Hp/Downloads/ecd-app-full/ecd-app-full/vendor/laravel/framework/src/Illuminate/Foundation/Application.php(1227): Illuminate/Foundation/Http/Kernel->handle(Object(Illuminate/Http/Request))
#37 C:/Users/Hp/Downloads/ecd-app-full/ecd-app-full/public/index.php(20): Illuminate/Foundation/Application->handleRequest(Object(Illuminate/Http/Request))
#38 C:/Users/Hp/Downloads/ecd-app-full/ecd-app-full/vendor/laravel/framework/src/Illuminate/Foundation/resources/server.php(23): require_once('C://Users//Hp//Dow...')
#39 {main}
"} 
[2026-08-31 19:13:45] local.ERROR: Route [login] not defined. {"exception":"[object] (Symfony\\Component\\Routing\\Exception\\RouteNotFoundException(code: 0): Route [login] not defined. at C:/Users/Hp/Downloads/ecd-app-full/ecd-app-full/vendor/laravel/framework/src/Illuminate/Routing/UrlGenerator.php:542)
[stacktrace]
#0 C:/Users/Hp/Downloads/ecd-app-full/ecd-app-full/vendor/laravel/framework/src/Illuminate/Foundation/helpers.php(870): Illuminate/Routing/UrlGenerator->route('login', Array, true)
#1 C:/Users/Hp/Downloads/ecd-app-full/ecd-app-full/vendor/laravel/framework/src/Illuminate/Foundation/Configuration/ApplicationBuilder.php(291): route('login')
#2 [internal function]: Illuminate/Foundation/Configuration/ApplicationBuilder->{closure:{closure:Illuminate/Foundation/Configuration/ApplicationBuilder::withMiddleware():289}:291}(Object(Illuminate/Http/Request))
#3 C:/Users/Hp/Downloads/ecd-app-full/ecd-app-full/vendor/laravel/framework/src/Illuminate/Auth/Middleware/Authenticate.php(117): call_user_func(Object(Closure), Object(Illuminate/Http/Request))
#4 C:/Users/Hp/Downloads/ecd-app-full/ecd-app-full/vendor/laravel/framework/src/Illuminate/Auth/Middleware/Authenticate.php(104): Illuminate/Auth/Middleware/Authenticate->redirectTo(Object(Illuminate/Http/Request))
#5 C:/Users/Hp/Downloads/ecd-app-full/ecd-app-full/vendor/laravel/framework/src/Illuminate/Auth/Middleware/Authenticate.php(87): Illuminate/Auth/Middleware/Authenticate->unauthenticated(Object(Illuminate/Http/Request), Array)
#6 C:/Users/Hp/Downloads/ecd-app-full/ecd-app-full/vendor/laravel/framework/src/Illuminate/Auth/Middleware/Authenticate.php(61): Illuminate/Auth/Middleware/Authenticate->authenticate(Object(Illuminate/Http/Request), Array)
#7 C:/Users/Hp/Downloads/ecd-app-full/ecd-app-full/vendor/laravel/framework/src/Illuminate/Pipeline/Pipeline.php(219): Illuminate/Auth/Middleware/Authenticate->handle(Object(Illuminate/Http/Request), Object(Closure), 'sanctum')
#8 C:/Users/Hp/Downloads/ecd-app-full/ecd-app-full/vendor/laravel/framework/src/Illuminate/Pipeline/Pipeline.php(137): Illuminate/Pipeline/Pipeline->{closure:{closure:Illuminate/Pipeline/Pipeline::carry():194}:195}(Object(Illuminate/Http/Request))
#9 C:/Users/Hp/Downloads/ecd-app-full/ecd-app-full/vendor/laravel/framework/src/Illuminate/Routing/Router.php(821): Illuminate/Pipeline/Pipeline->then(Object(Closure))
#10 C:/Users/Hp/Downloads/ecd-app-full/ecd-app-full/vendor/laravel/framework/src/Illuminate/Routing/Router.php(800): Illuminate/Routing/Router->runRouteWithinStack(Object(Illuminate/Routing/Route), Object(Illuminate/Http/Request))
#11 C:/Users/Hp/Downloads/ecd-app-full/ecd-app-full/vendor/laravel/framework/src/Illuminate/Routing/Router.php(764): Illuminate/Routing/Router->runRoute(Object(Illuminate/Http/Request), Object(Illuminate/Routing/Route))
#12 C:/Users/Hp/Downloads/ecd-app-full/ecd-app-full/vendor/laravel/framework/src/Illuminate/Routing/Router.php(753): Illuminate/Routing/Router->dispatchToRoute(Object(Illuminate/Http/Request))
#13 C:/Users/Hp/Downloads/ecd-app-full/ecd-app-full/vendor/laravel/framework/src/Illuminate/Foundation/Http/Kernel.php(200): Illuminate/Routing/Router->dispatch(Object(Illuminate/Http/Request))
#14 C:/Users/Hp/Downloads/ecd-app-full/ecd-app-full/vendor/laravel/framework/src/Illuminate/Pipeline/Pipeline.php(180): Illuminate/Foundation/Http/Kernel->{closure:Illuminate/Foundation/Http/Kernel::dispatchToRouter():197}(Object(Illuminate/Http/Request))
#15 C:/Users/Hp/Downloads/ecd-app-full/ecd-app-full/vendor/laravel/framework/src/Illuminate/Foundation/Http/Middleware/TransformsRequest.php(21): Illuminate/Pipeline/Pipeline->{closure:Illuminate/Pipeline/Pipeline::prepareDestination():178}(Object(Illuminate/Http/Request))
#16 C:/Users/Hp/Downloads/ecd-app-full/ecd-app-full/vendor/laravel/framework/src/Illuminate/Foundation/Http/Middleware/ConvertEmptyStringsToNull.php(31): Illuminate/Foundation/Http/Middleware/TransformsRequest->handle(Object(Illuminate/Http/Request), Object(Closure))
#17 C:/Users/Hp/Downloads/ecd-app-full/ecd-app-full/vendor/laravel/framework/src/Illuminate/Pipeline/Pipeline.php(219): Illuminate/Foundation/Http/Middleware/ConvertEmptyStringsToNull->handle(Object(Illuminate/Http/Request), Object(Closure))
#18 C:/Users/Hp/Downloads/ecd-app-full/ecd-app-full/vendor/laravel/framework/src/Illuminate/Foundation/Http/Middleware/TransformsRequest.php(21): Illuminate/Pipeline/Pipeline->{closure:{closure:Illuminate/Pipeline/Pipeline::carry():194}:195}(Object(Illuminate/Http/Request))
#19 C:/Users/Hp/Downloads/ecd-app-full/ecd-app-full/vendor/laravel/framework/src/Illuminate/Foundation/Http/Middleware/TrimStrings.php(51): Illuminate/Foundation/Http/Middleware/TransformsRequest->handle(Object(Illuminate/Http/Request), Object(Closure))
#20 C:/Users/Hp/Downloads/ecd-app-full/ecd-app-full/vendor/laravel/framework/src/Illuminate/Pipeline/Pipeline.php(219): Illuminate/Foundation/Http/Middleware/TrimStrings->handle(Object(Illuminate/Http/Request), Object(Closure))
#21 C:/Users/Hp/Downloads/ecd-app-full/ecd-app-full/vendor/laravel/framework/src/Illuminate/Http/Middleware/ValidatePostSize.php(27): Illuminate/Pipeline/Pipeline->{closure:{closure:Illuminate/Pipeline/Pipeline::carry():194}:195}(Object(Illuminate/Http/Request))
#22 C:/Users/Hp/Downloads/ecd-app-full/ecd-app-full/vendor/laravel/framework/src/Illuminate/Pipeline/Pipeline.php(219): Illuminate/Http/Middleware/ValidatePostSize->handle(Object(Illuminate/Http/Request), Object(Closure))
#23 C:/Users/Hp/Downloads/ecd-app-full/ecd-app-full/vendor/laravel/framework/src/Illuminate/Foundation/Http/Middleware/PreventRequestsDuringMaintenance.php(110): Illuminate/Pipeline/Pipeline->{closure:{closure:Illuminate/Pipeline/Pipeline::carry():194}:195}(Object(Illuminate/Http/Request))
#24 C:/Users/Hp/Downloads/ecd-app-full/ecd-app-full/vendor/laravel/framework/src/Illuminate/Pipeline/Pipeline.php(219): Illuminate/Foundation/Http/Middleware/PreventRequestsDuringMaintenance->handle(Object(Illuminate/Http/Request), Object(Closure))
#25 C:/Users/Hp/Downloads/ecd-app-full/ecd-app-full/vendor/laravel/framework/src/Illuminate/Http/Middleware/HandleCors.php(74): Illuminate/Pipeline/Pipeline->{closure:{closure:Illuminate/Pipeline/Pipeline::carry():194}:195}(Object(Illuminate/Http/Request))
#26 C:/Users/Hp/Downloads/ecd-app-full/ecd-app-full/vendor/laravel/framework/src/Illuminate/Pipeline/Pipeline.php(219): Illuminate/Http/Middleware/HandleCors->handle(Object(Illuminate/Http/Request), Object(Closure))
#27 C:/Users/Hp/Downloads/ecd-app-full/ecd-app-full/vendor/laravel/framework/src/Illuminate/Http/Middleware/TrustProxies.php(58): Illuminate/Pipeline/Pipeline->{closure:{closure:Illuminate/Pipeline/Pipeline::carry():194}:195}(Object(Illuminate/Http/Request))
#28 C:/Users/Hp/Downloads/ecd-app-full/ecd-app-full/vendor/laravel/framework/src/Illuminate/Pipeline/Pipeline.php(219): Illuminate/Http/Middleware/TrustProxies->handle(Object(Illuminate/Http/Request), Object(Closure))
#29 C:/Users/Hp/Downloads/ecd-app-full/ecd-app-full/vendor/laravel/framework/src/Illuminate/Foundation/Http/Middleware/InvokeDeferredCallbacks.php(22): Illuminate/Pipeline/Pipeline->{closure:{closure:Illuminate/Pipeline/Pipeline::carry():194}:195}(Object(Illuminate/Http/Request))
#30 C:/Users/Hp/Downloads/ecd-app-full/ecd-app-full/vendor/laravel/framework/src/Illuminate/Pipeline/Pipeline.php(219): Illuminate/Foundation/Http/Middleware/InvokeDeferredCallbacks->handle(Object(Illuminate/Http/Request), Object(Closure))
#31 C:/Users/Hp/Downloads/ecd-app-full/ecd-app-full/vendor/laravel/framework/src/Illuminate/Http/Middleware/ValidatePathEncoding.php(28): Illuminate/Pipeline/Pipeline->{closure:{closure:Illuminate/Pipeline/Pipeline::carry():194}:195}(Object(Illuminate/Http/Request))
#32 C:/Users/Hp/Downloads/ecd-app-full/ecd-app-full/vendor/laravel/framework/src/Illuminate/Pipeline/Pipeline.php(219): Illuminate/Http/Middleware/ValidatePathEncoding->handle(Object(Illuminate/Http/Request), Object(Closure))
#33 C:/Users/Hp/Downloads/ecd-app-full/ecd-app-full/vendor/laravel/framework/src/Illuminate/Pipeline/Pipeline.php(137): Illuminate/Pipeline/Pipeline->{closure:{closure:Illuminate/Pipeline/Pipeline::carry():194}:195}(Object(Illuminate/Http/Request))
#34 C:/Users/Hp/Downloads/ecd-app-full/ecd-app-full/vendor/laravel/framework/src/Illuminate/Foundation/Http/Kernel.php(175): Illuminate/Pipeline/Pipeline->then(Object(Closure))
#35 C:/Users/Hp/Downloads/ecd-app-full/ecd-app-full/vendor/laravel/framework/src/Illuminate/Foundation/Http/Kernel.php(144): Illuminate/Foundation/Http/Kernel->sendRequestThroughRouter(Object(Illuminate/Http/Request))
#36 C:/Users/Hp/Downloads/ecd-app-full/ecd-app-full/vendor/laravel/framework/src/Illuminate/Foundation/Application.php(1227): Illuminate/Foundation/Http/Kernel->handle(Object(Illuminate/Http/Request))
#37 C:/Users/Hp/Downloads/ecd-app-full/ecd-app-full/public/index.php(20): Illuminate/Foundation/Application->handleRequest(Object(Illuminate/Http/Request))
#38 C:/Users/Hp/Downloads/ecd-app-full/ecd-app-full/vendor/laravel/framework/src/Illuminate/Foundation/resources/server.php(23): require_once('C://Users//Hp//Dow...')
#39 {main}
"} 
[2026-08-31 19:14:12] local.ERROR: Route [login] not defined. {"exception":"[object] (Symfony\\Component\\Routing\\Exception\\RouteNotFoundException(code: 0): Route [login] not defined. at C:/Users/Hp/Downloads/ecd-app-full/ecd-app-full/vendor/laravel/framework/src/Illuminate/Routing/UrlGenerator.php:542)
[stacktrace]
#0 C:/Users/Hp/Downloads/ecd-app-full/ecd-app-full/vendor/laravel/framework/src/Illuminate/Foundation/helpers.php(870): Illuminate/Routing/UrlGenerator->route('login', Array, true)
#1 C:/Users/Hp/Downloads/ecd-app-full/ecd-app-full/vendor/laravel/framework/src/Illuminate/Foundation/Configuration/ApplicationBuilder.php(291): route('login')
#2 [internal function]: Illuminate/Foundation/Configuration/ApplicationBuilder->{closure:{closure:Illuminate/Foundation/Configuration/ApplicationBuilder::withMiddleware():289}:291}(Object(Illuminate/Http/Request))
#3 C:/Users/Hp/Downloads/ecd-app-full/ecd-app-full/vendor/laravel/framework/src/Illuminate/Auth/Middleware/Authenticate.php(117): call_user_func(Object(Closure), Object(Illuminate/Http/Request))
#4 C:/Users/Hp/Downloads/ecd-app-full/ecd-app-full/vendor/laravel/framework/src/Illuminate/Auth/Middleware/Authenticate.php(104): Illuminate/Auth/Middleware/Authenticate->redirectTo(Object(Illuminate/Http/Request))
#5 C:/Users/Hp/Downloads/ecd-app-full/ecd-app-full/vendor/laravel/framework/src/Illuminate/Auth/Middleware/Authenticate.php(87): Illuminate/Auth/Middleware/Authenticate->unauthenticated(Object(Illuminate/Http/Request), Array)
#6 C:/Users/Hp/Downloads/ecd-app-full/ecd-app-full/vendor/laravel/framework/src/Illuminate/Auth/Middleware/Authenticate.php(61): Illuminate/Auth/Middleware/Authenticate->authenticate(Object(Illuminate/Http/Request), Array)
#7 C:/Users/Hp/Downloads/ecd-app-full/ecd-app-full/vendor/laravel/framework/src/Illuminate/Pipeline/Pipeline.php(219): Illuminate/Auth/Middleware/Authenticate->handle(Object(Illuminate/Http/Request), Object(Closure), 'sanctum')
#8 C:/Users/Hp/Downloads/ecd-app-full/ecd-app-full/vendor/laravel/framework/src/Illuminate/Pipeline/Pipeline.php(137): Illuminate/Pipeline/Pipeline->{closure:{closure:Illuminate/Pipeline/Pipeline::carry():194}:195}(Object(Illuminate/Http/Request))
#9 C:/Users/Hp/Downloads/ecd-app-full/ecd-app-full/vendor/laravel/framework/src/Illuminate/Routing/Router.php(821): Illuminate/Pipeline/Pipeline->then(Object(Closure))
#10 C:/Users/Hp/Downloads/ecd-app-full/ecd-app-full/vendor/laravel/framework/src/Illuminate/Routing/Router.php(800): Illuminate/Routing/Router->runRouteWithinStack(Object(Illuminate/Routing/Route), Object(Illuminate/Http/Request))
#11 C:/Users/Hp/Downloads/ecd-app-full/ecd-app-full/vendor/laravel/framework/src/Illuminate/Routing/Router.php(764): Illuminate/Routing/Router->runRoute(Object(Illuminate/Http/Request), Object(Illuminate/Routing/Route))
#12 C:/Users/Hp/Downloads/ecd-app-full/ecd-app-full/vendor/laravel/framework/src/Illuminate/Routing/Router.php(753): Illuminate/Routing/Router->dispatchToRoute(Object(Illuminate/Http/Request))
#13 C:/Users/Hp/Downloads/ecd-app-full/ecd-app-full/vendor/laravel/framework/src/Illuminate/Foundation/Http/Kernel.php(200): Illuminate/Routing/Router->dispatch(Object(Illuminate/Http/Request))
#14 C:/Users/Hp/Downloads/ecd-app-full/ecd-app-full/vendor/laravel/framework/src/Illuminate/Pipeline/Pipeline.php(180): Illuminate/Foundation/Http/Kernel->{closure:Illuminate/Foundation/Http/Kernel::dispatchToRouter():197}(Object(Illuminate/Http/Request))
#15 C:/Users/Hp/Downloads/ecd-app-full/ecd-app-full/vendor/laravel/framework/src/Illuminate/Foundation/Http/Middleware/TransformsRequest.php(21): Illuminate/Pipeline/Pipeline->{closure:Illuminate/Pipeline/Pipeline::prepareDestination():178}(Object(Illuminate/Http/Request))
#16 C:/Users/Hp/Downloads/ecd-app-full/ecd-app-full/vendor/laravel/framework/src/Illuminate/Foundation/Http/Middleware/ConvertEmptyStringsToNull.php(31): Illuminate/Foundation/Http/Middleware/TransformsRequest->handle(Object(Illuminate/Http/Request), Object(Closure))
#17 C:/Users/Hp/Downloads/ecd-app-full/ecd-app-full/vendor/laravel/framework/src/Illuminate/Pipeline/Pipeline.php(219): Illuminate/Foundation/Http/Middleware/ConvertEmptyStringsToNull->handle(Object(Illuminate/Http/Request), Object(Closure))
#18 C:/Users/Hp/Downloads/ecd-app-full/ecd-app-full/vendor/laravel/framework/src/Illuminate/Foundation/Http/Middleware/TransformsRequest.php(21): Illuminate/Pipeline/Pipeline->{closure:{closure:Illuminate/Pipeline/Pipeline::carry():194}:195}(Object(Illuminate/Http/Request))
#19 C:/Users/Hp/Downloads/ecd-app-full/ecd-app-full/vendor/laravel/framework/src/Illuminate/Foundation/Http/Middleware/TrimStrings.php(51): Illuminate/Foundation/Http/Middleware/TransformsRequest->handle(Object(Illuminate/Http/Request), Object(Closure))
#20 C:/Users/Hp/Downloads/ecd-app-full/ecd-app-full/vendor/laravel/framework/src/Illuminate/Pipeline/Pipeline.php(219): Illuminate/Foundation/Http/Middleware/TrimStrings->handle(Object(Illuminate/Http/Request), Object(Closure))
#21 C:/Users/Hp/Downloads/ecd-app-full/ecd-app-full/vendor/laravel/framework/src/Illuminate/Http/Middleware/ValidatePostSize.php(27): Illuminate/Pipeline/Pipeline->{closure:{closure:Illuminate/Pipeline/Pipeline::carry():194}:195}(Object(Illuminate/Http/Request))
#22 C:/Users/Hp/Downloads/ecd-app-full/ecd-app-full/vendor/laravel/framework/src/Illuminate/Pipeline/Pipeline.php(219): Illuminate/Http/Middleware/ValidatePostSize->handle(Object(Illuminate/Http/Request), Object(Closure))
#23 C:/Users/Hp/Downloads/ecd-app-full/ecd-app-full/vendor/laravel/framework/src/Illuminate/Foundation/Http/Middleware/PreventRequestsDuringMaintenance.php(110): Illuminate/Pipeline/Pipeline->{closure:{closure:Illuminate/Pipeline/Pipeline::carry():194}:195}(Object(Illuminate/Http/Request))
#24 C:/Users/Hp/Downloads/ecd-app-full/ecd-app-full/vendor/laravel/framework/src/Illuminate/Pipeline/Pipeline.php(219): Illuminate/Foundation/Http/Middleware/PreventRequestsDuringMaintenance->handle(Object(Illuminate/Http/Request), Object(Closure))
#25 C:/Users/Hp/Downloads/ecd-app-full/ecd-app-full/vendor/laravel/framework/src/Illuminate/Http/Middleware/HandleCors.php(74): Illuminate/Pipeline/Pipeline->{closure:{closure:Illuminate/Pipeline/Pipeline::carry():194}:195}(Object(Illuminate/Http/Request))
#26 C:/Users/Hp/Downloads/ecd-app-full/ecd-app-full/vendor/laravel/framework/src/Illuminate/Pipeline/Pipeline.php(219): Illuminate/Http/Middleware/HandleCors->handle(Object(Illuminate/Http/Request), Object(Closure))
#27 C:/Users/Hp/Downloads/ecd-app-full/ecd-app-full/vendor/laravel/framework/src/Illuminate/Http/Middleware/TrustProxies.php(58): Illuminate/Pipeline/Pipeline->{closure:{closure:Illuminate/Pipeline/Pipeline::carry():194}:195}(Object(Illuminate/Http/Request))
#28 C:/Users/Hp/Downloads/ecd-app-full/ecd-app-full/vendor/laravel/framework/src/Illuminate/Pipeline/Pipeline.php(219): Illuminate/Http/Middleware/TrustProxies->handle(Object(Illuminate/Http/Request), Object(Closure))
#29 C:/Users/Hp/Downloads/ecd-app-full/ecd-app-full/vendor/laravel/framework/src/Illuminate/Foundation/Http/Middleware/InvokeDeferredCallbacks.php(22): Illuminate/Pipeline/Pipeline->{closure:{closure:Illuminate/Pipeline/Pipeline::carry():194}:195}(Object(Illuminate/Http/Request))
#30 C:/Users/Hp/Downloads/ecd-app-full/ecd-app-full/vendor/laravel/framework/src/Illuminate/Pipeline/Pipeline.php(219): Illuminate/Foundation/Http/Middleware/InvokeDeferredCallbacks->handle(Object(Illuminate/Http/Request), Object(Closure))
#31 C:/Users/Hp/Downloads/ecd-app-full/ecd-app-full/vendor/laravel/framework/src/Illuminate/Http/Middleware/ValidatePathEncoding.php(28): Illuminate/Pipeline/Pipeline->{closure:{closure:Illuminate/Pipeline/Pipeline::carry():194}:195}(Object(Illuminate/Http/Request))
#32 C:/Users/Hp/Downloads/ecd-app-full/ecd-app-full/vendor/laravel/framework/src/Illuminate/Pipeline/Pipeline.php(219): Illuminate/Http/Middleware/ValidatePathEncoding->handle(Object(Illuminate/Http/Request), Object(Closure))
#33 C:/Users/Hp/Downloads/ecd-app-full/ecd-app-full/vendor/laravel/framework/src/Illuminate/Pipeline/Pipeline.php(137): Illuminate/Pipeline/Pipeline->{closure:{closure:Illuminate/Pipeline/Pipeline::carry():194}:195}(Object(Illuminate/Http/Request))
#34 C:/Users/Hp/Downloads/ecd-app-full/ecd-app-full/vendor/laravel/framework/src/Illuminate/Foundation/Http/Kernel.php(175): Illuminate/Pipeline/Pipeline->then(Object(Closure))
#35 C:/Users/Hp/Downloads/ecd-app-full/ecd-app-full/vendor/laravel/framework/src/Illuminate/Foundation/Http/Kernel.php(144): Illuminate/Foundation/Http/Kernel->sendRequestThroughRouter(Object(Illuminate/Http/Request))
#36 C:/Users/Hp/Downloads/ecd-app-full/ecd-app-full/vendor/laravel/framework/src/Illuminate/Foundation/Application.php(1227): Illuminate/Foundation/Http/Kernel->handle(Object(Illuminate/Http/Request))
#37 C:/Users/Hp/Downloads/ecd-app-full/ecd-app-full/public/index.php(20): Illuminate/Foundation/Application->handleRequest(Object(Illuminate/Http/Request))
#38 C:/Users/Hp/Downloads/ecd-app-full/ecd-app-full/vendor/laravel/framework/src/Illuminate/Foundation/resources/server.php(23): require_once('C://Users//Hp//Dow...')
#39 {main}
"} 
[2026-08-31 19:22:14] local.ERROR: Route [login] not defined. {"exception":"[object] (Symfony\\Component\\Routing\\Exception\\RouteNotFoundException(code: 0): Route [login] not defined. at C:/Users/Hp/Downloads/ecd-app-full/ecd-app-full/vendor/laravel/framework/src/Illuminate/Routing/UrlGenerator.php:542)
[stacktrace]
#0 C:/Users/Hp/Downloads/ecd-app-full/ecd-app-full/vendor/laravel/framework/src/Illuminate/Foundation/helpers.php(870): Illuminate/Routing/UrlGenerator->route('login', Array, true)
#1 C:/Users/Hp/Downloads/ecd-app-full/ecd-app-full/vendor/laravel/framework/src/Illuminate/Foundation/Configuration/ApplicationBuilder.php(291): route('login')
#2 [internal function]: Illuminate/Foundation/Configuration/ApplicationBuilder->{closure:{closure:Illuminate/Foundation/Configuration/ApplicationBuilder::withMiddleware():289}:291}(Object(Illuminate/Http/Request))
#3 C:/Users/Hp/Downloads/ecd-app-full/ecd-app-full/vendor/laravel/framework/src/Illuminate/Auth/Middleware/Authenticate.php(117): call_user_func(Object(Closure), Object(Illuminate/Http/Request))
#4 C:/Users/Hp/Downloads/ecd-app-full/ecd-app-full/vendor/laravel/framework/src/Illuminate/Auth/Middleware/Authenticate.php(104): Illuminate/Auth/Middleware/Authenticate->redirectTo(Object(Illuminate/Http/Request))
#5 C:/Users/Hp/Downloads/ecd-app-full/ecd-app-full/vendor/laravel/framework/src/Illuminate/Auth/Middleware/Authenticate.php(87): Illuminate/Auth/Middleware/Authenticate->unauthenticated(Object(Illuminate/Http/Request), Array)
#6 C:/Users/Hp/Downloads/ecd-app-full/ecd-app-full/vendor/laravel/framework/src/Illuminate/Auth/Middleware/Authenticate.php(61): Illuminate/Auth/Middleware/Authenticate->authenticate(Object(Illuminate/Http/Request), Array)
#7 C:/Users/Hp/Downloads/ecd-app-full/ecd-app-full/vendor/laravel/framework/src/Illuminate/Pipeline/Pipeline.php(219): Illuminate/Auth/Middleware/Authenticate->handle(Object(Illuminate/Http/Request), Object(Closure), 'sanctum')
#8 C:/Users/Hp/Downloads/ecd-app-full/ecd-app-full/vendor/laravel/framework/src/Illuminate/Pipeline/Pipeline.php(137): Illuminate/Pipeline/Pipeline->{closure:{closure:Illuminate/Pipeline/Pipeline::carry():194}:195}(Object(Illuminate/Http/Request))
#9 C:/Users/Hp/Downloads/ecd-app-full/ecd-app-full/vendor/laravel/framework/src/Illuminate/Routing/Router.php(821): Illuminate/Pipeline/Pipeline->then(Object(Closure))
#10 C:/Users/Hp/Downloads/ecd-app-full/ecd-app-full/vendor/laravel/framework/src/Illuminate/Routing/Router.php(800): Illuminate/Routing/Router->runRouteWithinStack(Object(Illuminate/Routing/Route), Object(Illuminate/Http/Request))
#11 C:/Users/Hp/Downloads/ecd-app-full/ecd-app-full/vendor/laravel/framework/src/Illuminate/Routing/Router.php(764): Illuminate/Routing/Router->runRoute(Object(Illuminate/Http/Request), Object(Illuminate/Routing/Route))
#12 C:/Users/Hp/Downloads/ecd-app-full/ecd-app-full/vendor/laravel/framework/src/Illuminate/Routing/Router.php(753): Illuminate/Routing/Router->dispatchToRoute(Object(Illuminate/Http/Request))
#13 C:/Users/Hp/Downloads/ecd-app-full/ecd-app-full/vendor/laravel/framework/src/Illuminate/Foundation/Http/Kernel.php(200): Illuminate/Routing/Router->dispatch(Object(Illuminate/Http/Request))
#14 C:/Users/Hp/Downloads/ecd-app-full/ecd-app-full/vendor/laravel/framework/src/Illuminate/Pipeline/Pipeline.php(180): Illuminate/Foundation/Http/Kernel->{closure:Illuminate/Foundation/Http/Kernel::dispatchToRouter():197}(Object(Illuminate/Http/Request))
#15 C:/Users/Hp/Downloads/ecd-app-full/ecd-app-full/vendor/laravel/framework/src/Illuminate/Foundation/Http/Middleware/TransformsRequest.php(21): Illuminate/Pipeline/Pipeline->{closure:Illuminate/Pipeline/Pipeline::prepareDestination():178}(Object(Illuminate/Http/Request))
#16 C:/Users/Hp/Downloads/ecd-app-full/ecd-app-full/vendor/laravel/framework/src/Illuminate/Foundation/Http/Middleware/ConvertEmptyStringsToNull.php(31): Illuminate/Foundation/Http/Middleware/TransformsRequest->handle(Object(Illuminate/Http/Request), Object(Closure))
#17 C:/Users/Hp/Downloads/ecd-app-full/ecd-app-full/vendor/laravel/framework/src/Illuminate/Pipeline/Pipeline.php(219): Illuminate/Foundation/Http/Middleware/ConvertEmptyStringsToNull->handle(Object(Illuminate/Http/Request), Object(Closure))
#18 C:/Users/Hp/Downloads/ecd-app-full/ecd-app-full/vendor/laravel/framework/src/Illuminate/Foundation/Http/Middleware/TransformsRequest.php(21): Illuminate/Pipeline/Pipeline->{closure:{closure:Illuminate/Pipeline/Pipeline::carry():194}:195}(Object(Illuminate/Http/Request))
#19 C:/Users/Hp/Downloads/ecd-app-full/ecd-app-full/vendor/laravel/framework/src/Illuminate/Foundation/Http/Middleware/TrimStrings.php(51): Illuminate/Foundation/Http/Middleware/TransformsRequest->handle(Object(Illuminate/Http/Request), Object(Closure))
#20 C:/Users/Hp/Downloads/ecd-app-full/ecd-app-full/vendor/laravel/framework/src/Illuminate/Pipeline/Pipeline.php(219): Illuminate/Foundation/Http/Middleware/TrimStrings->handle(Object(Illuminate/Http/Request), Object(Closure))
#21 C:/Users/Hp/Downloads/ecd-app-full/ecd-app-full/vendor/laravel/framework/src/Illuminate/Http/Middleware/ValidatePostSize.php(27): Illuminate/Pipeline/Pipeline->{closure:{closure:Illuminate/Pipeline/Pipeline::carry():194}:195}(Object(Illuminate/Http/Request))
#22 C:/Users/Hp/Downloads/ecd-app-full/ecd-app-full/vendor/laravel/framework/src/Illuminate/Pipeline/Pipeline.php(219): Illuminate/Http/Middleware/ValidatePostSize->handle(Object(Illuminate/Http/Request), Object(Closure))
#23 C:/Users/Hp/Downloads/ecd-app-full/ecd-app-full/vendor/laravel/framework/src/Illuminate/Foundation/Http/Middleware/PreventRequestsDuringMaintenance.php(110): Illuminate/Pipeline/Pipeline->{closure:{closure:Illuminate/Pipeline/Pipeline::carry():194}:195}(Object(Illuminate/Http/Request))
#24 C:/Users/Hp/Downloads/ecd-app-full/ecd-app-full/vendor/laravel/framework/src/Illuminate/Pipeline/Pipeline.php(219): Illuminate/Foundation/Http/Middleware/PreventRequestsDuringMaintenance->handle(Object(Illuminate/Http/Request), Object(Closure))
#25 C:/Users/Hp/Downloads/ecd-app-full/ecd-app-full/vendor/laravel/framework/src/Illuminate/Http/Middleware/HandleCors.php(74): Illuminate/Pipeline/Pipeline->{closure:{closure:Illuminate/Pipeline/Pipeline::carry():194}:195}(Object(Illuminate/Http/Request))
#26 C:/Users/Hp/Downloads/ecd-app-full/ecd-app-full/vendor/laravel/framework/src/Illuminate/Pipeline/Pipeline.php(219): Illuminate/Http/Middleware/HandleCors->handle(Object(Illuminate/Http/Request), Object(Closure))
#27 C:/Users/Hp/Downloads/ecd-app-full/ecd-app-full/vendor/laravel/framework/src/Illuminate/Http/Middleware/TrustProxies.php(58): Illuminate/Pipeline/Pipeline->{closure:{closure:Illuminate/Pipeline/Pipeline::carry():194}:195}(Object(Illuminate/Http/Request))
#28 C:/Users/Hp/Downloads/ecd-app-full/ecd-app-full/vendor/laravel/framework/src/Illuminate/Pipeline/Pipeline.php(219): Illuminate/Http/Middleware/TrustProxies->handle(Object(Illuminate/Http/Request), Object(Closure))
#29 C:/Users/Hp/Downloads/ecd-app-full/ecd-app-full/vendor/laravel/framework/src/Illuminate/Foundation/Http/Middleware/InvokeDeferredCallbacks.php(22): Illuminate/Pipeline/Pipeline->{closure:{closure:Illuminate/Pipeline/Pipeline::carry():194}:195}(Object(Illuminate/Http/Request))
#30 C:/Users/Hp/Downloads/ecd-app-full/ecd-app-full/vendor/laravel/framework/src/Illuminate/Pipeline/Pipeline.php(219): Illuminate/Foundation/Http/Middleware/InvokeDeferredCallbacks->handle(Object(Illuminate/Http/Request), Object(Closure))
#31 C:/Users/Hp/Downloads/ecd-app-full/ecd-app-full/vendor/laravel/framework/src/Illuminate/Http/Middleware/ValidatePathEncoding.php(28): Illuminate/Pipeline/Pipeline->{closure:{closure:Illuminate/Pipeline/Pipeline::carry():194}:195}(Object(Illuminate/Http/Request))
#32 C:/Users/Hp/Downloads/ecd-app-full/ecd-app-full/vendor/laravel/framework/src/Illuminate/Pipeline/Pipeline.php(219): Illuminate/Http/Middleware/ValidatePathEncoding->handle(Object(Illuminate/Http/Request), Object(Closure))
#33 C:/Users/Hp/Downloads/ecd-app-full/ecd-app-full/vendor/laravel/framework/src/Illuminate/Pipeline/Pipeline.php(137): Illuminate/Pipeline/Pipeline->{closure:{closure:Illuminate/Pipeline/Pipeline::carry():194}:195}(Object(Illuminate/Http/Request))
#34 C:/Users/Hp/Downloads/ecd-app-full/ecd-app-full/vendor/laravel/framework/src/Illuminate/Foundation/Http/Kernel.php(175): Illuminate/Pipeline/Pipeline->then(Object(Closure))
#35 C:/Users/Hp/Downloads/ecd-app-full/ecd-app-full/vendor/laravel/framework/src/Illuminate/Foundation/Http/Kernel.php(144): Illuminate/Foundation/Http/Kernel->sendRequestThroughRouter(Object(Illuminate/Http/Request))
#36 C:/Users/Hp/Downloads/ecd-app-full/ecd-app-full/vendor/laravel/framework/src/Illuminate/Foundation/Application.php(1227): Illuminate/Foundation/Http/Kernel->handle(Object(Illuminate/Http/Request))
#37 C:/Users/Hp/Downloads/ecd-app-full/ecd-app-full/public/index.php(20): Illuminate/Foundation/Application->handleRequest(Object(Illuminate/Http/Request))
#38 C:/Users/Hp/Downloads/ecd-app-full/ecd-app-full/vendor/laravel/framework/src/Illuminate/Foundation/resources/server.php(23): require_once('C://Users//Hp//Dow...')
#39 {main}
"} 
[2026-08-31 19:22:56] local.ERROR: Route [login] not defined. {"exception":"[object] (Symfony\\Component\\Routing\\Exception\\RouteNotFoundException(code: 0): Route [login] not defined. at C:/Users/Hp/Downloads/ecd-app-full/ecd-app-full/vendor/laravel/framework/src/Illuminate/Routing/UrlGenerator.php:542)
[stacktrace]
#0 C:/Users/Hp/Downloads/ecd-app-full/ecd-app-full/vendor/laravel/framework/src/Illuminate/Foundation/helpers.php(870): Illuminate/Routing/UrlGenerator->route('login', Array, true)
#1 C:/Users/Hp/Downloads/ecd-app-full/ecd-app-full/vendor/laravel/framework/src/Illuminate/Foundation/Configuration/ApplicationBuilder.php(291): route('login')
#2 [internal function]: Illuminate/Foundation/Configuration/ApplicationBuilder->{closure:{closure:Illuminate/Foundation/Configuration/ApplicationBuilder::withMiddleware():289}:291}(Object(Illuminate/Http/Request))
#3 C:/Users/Hp/Downloads/ecd-app-full/ecd-app-full/vendor/laravel/framework/src/Illuminate/Auth/Middleware/Authenticate.php(117): call_user_func(Object(Closure), Object(Illuminate/Http/Request))
#4 C:/Users/Hp/Downloads/ecd-app-full/ecd-app-full/vendor/laravel/framework/src/Illuminate/Auth/Middleware/Authenticate.php(104): Illuminate/Auth/Middleware/Authenticate->redirectTo(Object(Illuminate/Http/Request))
#5 C:/Users/Hp/Downloads/ecd-app-full/ecd-app-full/vendor/laravel/framework/src/Illuminate/Auth/Middleware/Authenticate.php(87): Illuminate/Auth/Middleware/Authenticate->unauthenticated(Object(Illuminate/Http/Request), Array)
#6 C:/Users/Hp/Downloads/ecd-app-full/ecd-app-full/vendor/laravel/framework/src/Illuminate/Auth/Middleware/Authenticate.php(61): Illuminate/Auth/Middleware/Authenticate->authenticate(Object(Illuminate/Http/Request), Array)
#7 C:/Users/Hp/Downloads/ecd-app-full/ecd-app-full/vendor/laravel/framework/src/Illuminate/Pipeline/Pipeline.php(219): Illuminate/Auth/Middleware/Authenticate->handle(Object(Illuminate/Http/Request), Object(Closure), 'sanctum')
#8 C:/Users/Hp/Downloads/ecd-app-full/ecd-app-full/vendor/laravel/framework/src/Illuminate/Pipeline/Pipeline.php(137): Illuminate/Pipeline/Pipeline->{closure:{closure:Illuminate/Pipeline/Pipeline::carry():194}:195}(Object(Illuminate/Http/Request))
#9 C:/Users/Hp/Downloads/ecd-app-full/ecd-app-full/vendor/laravel/framework/src/Illuminate/Routing/Router.php(821): Illuminate/Pipeline/Pipeline->then(Object(Closure))
#10 C:/Users/Hp/Downloads/ecd-app-full/ecd-app-full/vendor/laravel/framework/src/Illuminate/Routing/Router.php(800): Illuminate/Routing/Router->runRouteWithinStack(Object(Illuminate/Routing/Route), Object(Illuminate/Http/Request))
#11 C:/Users/Hp/Downloads/ecd-app-full/ecd-app-full/vendor/laravel/framework/src/Illuminate/Routing/Router.php(764): Illuminate/Routing/Router->runRoute(Object(Illuminate/Http/Request), Object(Illuminate/Routing/Route))
#12 C:/Users/Hp/Downloads/ecd-app-full/ecd-app-full/vendor/laravel/framework/src/Illuminate/Routing/Router.php(753): Illuminate/Routing/Router->dispatchToRoute(Object(Illuminate/Http/Request))
#13 C:/Users/Hp/Downloads/ecd-app-full/ecd-app-full/vendor/laravel/framework/src/Illuminate/Foundation/Http/Kernel.php(200): Illuminate/Routing/Router->dispatch(Object(Illuminate/Http/Request))
#14 C:/Users/Hp/Downloads/ecd-app-full/ecd-app-full/vendor/laravel/framework/src/Illuminate/Pipeline/Pipeline.php(180): Illuminate/Foundation/Http/Kernel->{closure:Illuminate/Foundation/Http/Kernel::dispatchToRouter():197}(Object(Illuminate/Http/Request))
#15 C:/Users/Hp/Downloads/ecd-app-full/ecd-app-full/vendor/laravel/framework/src/Illuminate/Foundation/Http/Middleware/TransformsRequest.php(21): Illuminate/Pipeline/Pipeline->{closure:Illuminate/Pipeline/Pipeline::prepareDestination():178}(Object(Illuminate/Http/Request))
#16 C:/Users/Hp/Downloads/ecd-app-full/ecd-app-full/vendor/laravel/framework/src/Illuminate/Foundation/Http/Middleware/ConvertEmptyStringsToNull.php(31): Illuminate/Foundation/Http/Middleware/TransformsRequest->handle(Object(Illuminate/Http/Request), Object(Closure))
#17 C:/Users/Hp/Downloads/ecd-app-full/ecd-app-full/vendor/laravel/framework/src/Illuminate/Pipeline/Pipeline.php(219): Illuminate/Foundation/Http/Middleware/ConvertEmptyStringsToNull->handle(Object(Illuminate/Http/Request), Object(Closure))
#18 C:/Users/Hp/Downloads/ecd-app-full/ecd-app-full/vendor/laravel/framework/src/Illuminate/Foundation/Http/Middleware/TransformsRequest.php(21): Illuminate/Pipeline/Pipeline->{closure:{closure:Illuminate/Pipeline/Pipeline::carry():194}:195}(Object(Illuminate/Http/Request))
#19 C:/Users/Hp/Downloads/ecd-app-full/ecd-app-full/vendor/laravel/framework/src/Illuminate/Foundation/Http/Middleware/TrimStrings.php(51): Illuminate/Foundation/Http/Middleware/TransformsRequest->handle(Object(Illuminate/Http/Request), Object(Closure))
#20 C:/Users/Hp/Downloads/ecd-app-full/ecd-app-full/vendor/laravel/framework/src/Illuminate/Pipeline/Pipeline.php(219): Illuminate/Foundation/Http/Middleware/TrimStrings->handle(Object(Illuminate/Http/Request), Object(Closure))
#21 C:/Users/Hp/Downloads/ecd-app-full/ecd-app-full/vendor/laravel/framework/src/Illuminate/Http/Middleware/ValidatePostSize.php(27): Illuminate/Pipeline/Pipeline->{closure:{closure:Illuminate/Pipeline/Pipeline::carry():194}:195}(Object(Illuminate/Http/Request))
#22 C:/Users/Hp/Downloads/ecd-app-full/ecd-app-full/vendor/laravel/framework/src/Illuminate/Pipeline/Pipeline.php(219): Illuminate/Http/Middleware/ValidatePostSize->handle(Object(Illuminate/Http/Request), Object(Closure))
#23 C:/Users/Hp/Downloads/ecd-app-full/ecd-app-full/vendor/laravel/framework/src/Illuminate/Foundation/Http/Middleware/PreventRequestsDuringMaintenance.php(110): Illuminate/Pipeline/Pipeline->{closure:{closure:Illuminate/Pipeline/Pipeline::carry():194}:195}(Object(Illuminate/Http/Request))
#24 C:/Users/Hp/Downloads/ecd-app-full/ecd-app-full/vendor/laravel/framework/src/Illuminate/Pipeline/Pipeline.php(219): Illuminate/Foundation/Http/Middleware/PreventRequestsDuringMaintenance->handle(Object(Illuminate/Http/Request), Object(Closure))
#25 C:/Users/Hp/Downloads/ecd-app-full/ecd-app-full/vendor/laravel/framework/src/Illuminate/Http/Middleware/HandleCors.php(74): Illuminate/Pipeline/Pipeline->{closure:{closure:Illuminate/Pipeline/Pipeline::carry():194}:195}(Object(Illuminate/Http/Request))
#26 C:/Users/Hp/Downloads/ecd-app-full/ecd-app-full/vendor/laravel/framework/src/Illuminate/Pipeline/Pipeline.php(219): Illuminate/Http/Middleware/HandleCors->handle(Object(Illuminate/Http/Request), Object(Closure))
#27 C:/Users/Hp/Downloads/ecd-app-full/ecd-app-full/vendor/laravel/framework/src/Illuminate/Http/Middleware/TrustProxies.php(58): Illuminate/Pipeline/Pipeline->{closure:{closure:Illuminate/Pipeline/Pipeline::carry():194}:195}(Object(Illuminate/Http/Request))
#28 C:/Users/Hp/Downloads/ecd-app-full/ecd-app-full/vendor/laravel/framework/src/Illuminate/Pipeline/Pipeline.php(219): Illuminate/Http/Middleware/TrustProxies->handle(Object(Illuminate/Http/Request), Object(Closure))
#29 C:/Users/Hp/Downloads/ecd-app-full/ecd-app-full/vendor/laravel/framework/src/Illuminate/Foundation/Http/Middleware/InvokeDeferredCallbacks.php(22): Illuminate/Pipeline/Pipeline->{closure:{closure:Illuminate/Pipeline/Pipeline::carry():194}:195}(Object(Illuminate/Http/Request))
#30 C:/Users/Hp/Downloads/ecd-app-full/ecd-app-full/vendor/laravel/framework/src/Illuminate/Pipeline/Pipeline.php(219): Illuminate/Foundation/Http/Middleware/InvokeDeferredCallbacks->handle(Object(Illuminate/Http/Request), Object(Closure))
#31 C:/Users/Hp/Downloads/ecd-app-full/ecd-app-full/vendor/laravel/framework/src/Illuminate/Http/Middleware/ValidatePathEncoding.php(28): Illuminate/Pipeline/Pipeline->{closure:{closure:Illuminate/Pipeline/Pipeline::carry():194}:195}(Object(Illuminate/Http/Request))
#32 C:/Users/Hp/Downloads/ecd-app-full/ecd-app-full/vendor/laravel/framework/src/Illuminate/Pipeline/Pipeline.php(219): Illuminate/Http/Middleware/ValidatePathEncoding->handle(Object(Illuminate/Http/Request), Object(Closure))
#33 C:/Users/Hp/Downloads/ecd-app-full/ecd-app-full/vendor/laravel/framework/src/Illuminate/Pipeline/Pipeline.php(137): Illuminate/Pipeline/Pipeline->{closure:{closure:Illuminate/Pipeline/Pipeline::carry():194}:195}(Object(Illuminate/Http/Request))
#34 C:/Users/Hp/Downloads/ecd-app-full/ecd-app-full/vendor/laravel/framework/src/Illuminate/Foundation/Http/Kernel.php(175): Illuminate/Pipeline/Pipeline->then(Object(Closure))
#35 C:/Users/Hp/Downloads/ecd-app-full/ecd-app-full/vendor/laravel/framework/src/Illuminate/Foundation/Http/Kernel.php(144): Illuminate/Foundation/Http/Kernel->sendRequestThroughRouter(Object(Illuminate/Http/Request))
#36 C:/Users/Hp/Downloads/ecd-app-full/ecd-app-full/vendor/laravel/framework/src/Illuminate/Foundation/Application.php(1227): Illuminate/Foundation/Http/Kernel->handle(Object(Illuminate/Http/Request))
#37 C:/Users/Hp/Downloads/ecd-app-full/ecd-app-full/public/index.php(20): Illuminate/Foundation/Application->handleRequest(Object(Illuminate/Http/Request))
#38 C:/Users/Hp/Downloads/ecd-app-full/ecd-app-full/vendor/laravel/framework/src/Illuminate/Foundation/resources/server.php(23): require_once('C://Users//Hp//Dow...')
#39 {main}
"} 
[2026-09-01 05:58:08] local.ERROR: Route [login] not defined. {"exception":"[object] (Symfony\\Component\\Routing\\Exception\\RouteNotFoundException(code: 0): Route [login] not defined. at C:/Users/Hp/Downloads/ecd-app-full/ecd-app-full/vendor/laravel/framework/src/Illuminate/Routing/UrlGenerator.php:542)
[stacktrace]
#0 C:/Users/Hp/Downloads/ecd-app-full/ecd-app-full/vendor/laravel/framework/src/Illuminate/Foundation/helpers.php(870): Illuminate/Routing/UrlGenerator->route('login', Array, true)
#1 C:/Users/Hp/Downloads/ecd-app-full/ecd-app-full/vendor/laravel/framework/src/Illuminate/Foundation/Configuration/ApplicationBuilder.php(291): route('login')
#2 [internal function]: Illuminate/Foundation/Configuration/ApplicationBuilder->{closure:{closure:Illuminate/Foundation/Configuration/ApplicationBuilder::withMiddleware():289}:291}(Object(Illuminate/Http/Request))
#3 C:/Users/Hp/Downloads/ecd-app-full/ecd-app-full/vendor/laravel/framework/src/Illuminate/Auth/Middleware/Authenticate.php(117): call_user_func(Object(Closure), Object(Illuminate/Http/Request))
#4 C:/Users/Hp/Downloads/ecd-app-full/ecd-app-full/vendor/laravel/framework/src/Illuminate/Auth/Middleware/Authenticate.php(104): Illuminate/Auth/Middleware/Authenticate->redirectTo(Object(Illuminate/Http/Request))
#5 C:/Users/Hp/Downloads/ecd-app-full/ecd-app-full/vendor/laravel/framework/src/Illuminate/Auth/Middleware/Authenticate.php(87): Illuminate/Auth/Middleware/Authenticate->unauthenticated(Object(Illuminate/Http/Request), Array)
#6 C:/Users/Hp/Downloads/ecd-app-full/ecd-app-full/vendor/laravel/framework/src/Illuminate/Auth/Middleware/Authenticate.php(61): Illuminate/Auth/Middleware/Authenticate->authenticate(Object(Illuminate/Http/Request), Array)
#7 C:/Users/Hp/Downloads/ecd-app-full/ecd-app-full/vendor/laravel/framework/src/Illuminate/Pipeline/Pipeline.php(219): Illuminate/Auth/Middleware/Authenticate->handle(Object(Illuminate/Http/Request), Object(Closure), 'sanctum')
#8 C:/Users/Hp/Downloads/ecd-app-full/ecd-app-full/vendor/laravel/framework/src/Illuminate/Pipeline/Pipeline.php(137): Illuminate/Pipeline/Pipeline->{closure:{closure:Illuminate/Pipeline/Pipeline::carry():194}:195}(Object(Illuminate/Http/Request))
#9 C:/Users/Hp/Downloads/ecd-app-full/ecd-app-full/vendor/laravel/framework/src/Illuminate/Routing/Router.php(821): Illuminate/Pipeline/Pipeline->then(Object(Closure))
#10 C:/Users/Hp/Downloads/ecd-app-full/ecd-app-full/vendor/laravel/framework/src/Illuminate/Routing/Router.php(800): Illuminate/Routing/Router->runRouteWithinStack(Object(Illuminate/Routing/Route), Object(Illuminate/Http/Request))
#11 C:/Users/Hp/Downloads/ecd-app-full/ecd-app-full/vendor/laravel/framework/src/Illuminate/Routing/Router.php(764): Illuminate/Routing/Router->runRoute(Object(Illuminate/Http/Request), Object(Illuminate/Routing/Route))
#12 C:/Users/Hp/Downloads/ecd-app-full/ecd-app-full/vendor/laravel/framework/src/Illuminate/Routing/Router.php(753): Illuminate/Routing/Router->dispatchToRoute(Object(Illuminate/Http/Request))
#13 C:/Users/Hp/Downloads/ecd-app-full/ecd-app-full/vendor/laravel/framework/src/Illuminate/Foundation/Http/Kernel.php(200): Illuminate/Routing/Router->dispatch(Object(Illuminate/Http/Request))
#14 C:/Users/Hp/Downloads/ecd-app-full/ecd-app-full/vendor/laravel/framework/src/Illuminate/Pipeline/Pipeline.php(180): Illuminate/Foundation/Http/Kernel->{closure:Illuminate/Foundation/Http/Kernel::dispatchToRouter():197}(Object(Illuminate/Http/Request))
#15 C:/Users/Hp/Downloads/ecd-app-full/ecd-app-full/vendor/laravel/framework/src/Illuminate/Foundation/Http/Middleware/TransformsRequest.php(21): Illuminate/Pipeline/Pipeline->{closure:Illuminate/Pipeline/Pipeline::prepareDestination():178}(Object(Illuminate/Http/Request))
#16 C:/Users/Hp/Downloads/ecd-app-full/ecd-app-full/vendor/laravel/framework/src/Illuminate/Foundation/Http/Middleware/ConvertEmptyStringsToNull.php(31): Illuminate/Foundation/Http/Middleware/TransformsRequest->handle(Object(Illuminate/Http/Request), Object(Closure))
#17 C:/Users/Hp/Downloads/ecd-app-full/ecd-app-full/vendor/laravel/framework/src/Illuminate/Pipeline/Pipeline.php(219): Illuminate/Foundation/Http/Middleware/ConvertEmptyStringsToNull->handle(Object(Illuminate/Http/Request), Object(Closure))
#18 C:/Users/Hp/Downloads/ecd-app-full/ecd-app-full/vendor/laravel/framework/src/Illuminate/Foundation/Http/Middleware/TransformsRequest.php(21): Illuminate/Pipeline/Pipeline->{closure:{closure:Illuminate/Pipeline/Pipeline::carry():194}:195}(Object(Illuminate/Http/Request))
#19 C:/Users/Hp/Downloads/ecd-app-full/ecd-app-full/vendor/laravel/framework/src/Illuminate/Foundation/Http/Middleware/TrimStrings.php(51): Illuminate/Foundation/Http/Middleware/TransformsRequest->handle(Object(Illuminate/Http/Request), Object(Closure))
#20 C:/Users/Hp/Downloads/ecd-app-full/ecd-app-full/vendor/laravel/framework/src/Illuminate/Pipeline/Pipeline.php(219): Illuminate/Foundation/Http/Middleware/TrimStrings->handle(Object(Illuminate/Http/Request), Object(Closure))
#21 C:/Users/Hp/Downloads/ecd-app-full/ecd-app-full/vendor/laravel/framework/src/Illuminate/Http/Middleware/ValidatePostSize.php(27): Illuminate/Pipeline/Pipeline->{closure:{closure:Illuminate/Pipeline/Pipeline::carry():194}:195}(Object(Illuminate/Http/Request))
#22 C:/Users/Hp/Downloads/ecd-app-full/ecd-app-full/vendor/laravel/framework/src/Illuminate/Pipeline/Pipeline.php(219): Illuminate/Http/Middleware/ValidatePostSize->handle(Object(Illuminate/Http/Request), Object(Closure))
#23 C:/Users/Hp/Downloads/ecd-app-full/ecd-app-full/vendor/laravel/framework/src/Illuminate/Foundation/Http/Middleware/PreventRequestsDuringMaintenance.php(110): Illuminate/Pipeline/Pipeline->{closure:{closure:Illuminate/Pipeline/Pipeline::carry():194}:195}(Object(Illuminate/Http/Request))
#24 C:/Users/Hp/Downloads/ecd-app-full/ecd-app-full/vendor/laravel/framework/src/Illuminate/Pipeline/Pipeline.php(219): Illuminate/Foundation/Http/Middleware/PreventRequestsDuringMaintenance->handle(Object(Illuminate/Http/Request), Object(Closure))
#25 C:/Users/Hp/Downloads/ecd-app-full/ecd-app-full/vendor/laravel/framework/src/Illuminate/Http/Middleware/HandleCors.php(74): Illuminate/Pipeline/Pipeline->{closure:{closure:Illuminate/Pipeline/Pipeline::carry():194}:195}(Object(Illuminate/Http/Request))
#26 C:/Users/Hp/Downloads/ecd-app-full/ecd-app-full/vendor/laravel/framework/src/Illuminate/Pipeline/Pipeline.php(219): Illuminate/Http/Middleware/HandleCors->handle(Object(Illuminate/Http/Request), Object(Closure))
#27 C:/Users/Hp/Downloads/ecd-app-full/ecd-app-full/vendor/laravel/framework/src/Illuminate/Http/Middleware/TrustProxies.php(58): Illuminate/Pipeline/Pipeline->{closure:{closure:Illuminate/Pipeline/Pipeline::carry():194}:195}(Object(Illuminate/Http/Request))
#28 C:/Users/Hp/Downloads/ecd-app-full/ecd-app-full/vendor/laravel/framework/src/Illuminate/Pipeline/Pipeline.php(219): Illuminate/Http/Middleware/TrustProxies->handle(Object(Illuminate/Http/Request), Object(Closure))
#29 C:/Users/Hp/Downloads/ecd-app-full/ecd-app-full/vendor/laravel/framework/src/Illuminate/Foundation/Http/Middleware/InvokeDeferredCallbacks.php(22): Illuminate/Pipeline/Pipeline->{closure:{closure:Illuminate/Pipeline/Pipeline::carry():194}:195}(Object(Illuminate/Http/Request))
#30 C:/Users/Hp/Downloads/ecd-app-full/ecd-app-full/vendor/laravel/framework/src/Illuminate/Pipeline/Pipeline.php(219): Illuminate/Foundation/Http/Middleware/InvokeDeferredCallbacks->handle(Object(Illuminate/Http/Request), Object(Closure))
#31 C:/Users/Hp/Downloads/ecd-app-full/ecd-app-full/vendor/laravel/framework/src/Illuminate/Http/Middleware/ValidatePathEncoding.php(28): Illuminate/Pipeline/Pipeline->{closure:{closure:Illuminate/Pipeline/Pipeline::carry():194}:195}(Object(Illuminate/Http/Request))
#32 C:/Users/Hp/Downloads/ecd-app-full/ecd-app-full/vendor/laravel/framework/src/Illuminate/Pipeline/Pipeline.php(219): Illuminate/Http/Middleware/ValidatePathEncoding->handle(Object(Illuminate/Http/Request), Object(Closure))
#33 C:/Users/Hp/Downloads/ecd-app-full/ecd-app-full/vendor/laravel/framework/src/Illuminate/Pipeline/Pipeline.php(137): Illuminate/Pipeline/Pipeline->{closure:{closure:Illuminate/Pipeline/Pipeline::carry():194}:195}(Object(Illuminate/Http/Request))
#34 C:/Users/Hp/Downloads/ecd-app-full/ecd-app-full/vendor/laravel/framework/src/Illuminate/Foundation/Http/Kernel.php(175): Illuminate/Pipeline/Pipeline->then(Object(Closure))
#35 C:/Users/Hp/Downloads/ecd-app-full/ecd-app-full/vendor/laravel/framework/src/Illuminate/Foundation/Http/Kernel.php(144): Illuminate/Foundation/Http/Kernel->sendRequestThroughRouter(Object(Illuminate/Http/Request))
#36 C:/Users/Hp/Downloads/ecd-app-full/ecd-app-full/vendor/laravel/framework/src/Illuminate/Foundation/Application.php(1227): Illuminate/Foundation/Http/Kernel->handle(Object(Illuminate/Http/Request))
#37 C:/Users/Hp/Downloads/ecd-app-full/ecd-app-full/public/index.php(20): Illuminate/Foundation/Application->handleRequest(Object(Illuminate/Http/Request))
#38 C:/Users/Hp/Downloads/ecd-app-full/ecd-app-full/vendor/laravel/framework/src/Illuminate/Foundation/resources/server.php(23): require_once('C://Users//Hp//Dow...')
#39 {main}
"} 
